,측정일시,광진구오존,광진구미세먼지,동대문구오존,동대문구미세먼지,성동구오존,성동구미세먼지,중랑구오존,중랑구미세먼지
0,20180101,0.012,42.0,0.013,46.0,0.009,48.0,0.01,48.0
1,20180102,0.011,43.0,0.012,43.0,0.009,42.0,0.009,45.0
2,20180103,0.017,34.0,0.017,37.0,0.014,37.0,0.015,39.0
3,20180104,0.014,44.0,0.01,48.0,0.008,46.0,0.011,52.0
4,20180105,0.008,64.0,0.009,65.0,0.006,59.0,0.006,67.0
5,20180106,0.009,54.0,0.016,50.0,0.011,46.0,0.009,53.0
6,20180107,0.005,56.0,0.005,58.0,0.004,56.0,0.005,55.0
7,20180108,0.008,63.0,0.007,59.0,0.006,57.0,0.006,56.0
8,20180109,0.023,40.0,0.021,45.0,0.017,43.0,0.02,45.0
9,20180110,0.022,32.0,0.023,37.0,0.017,36.0,0.02,41.0
10,20180111,0.02,33.0,0.02,37.0,0.015,34.0,0.018,37.0
11,20180112,0.016,24.0,0.019,26.0,0.013,25.0,0.012,29.0
12,20180113,0.004,55.0,0.003,61.0,0.003,52.0,0.003,54.0
13,20180114,0.011,74.0,0.007,76.0,0.007,66.0,0.011,72.0
14,20180115,0.01,73.0,0.009,79.0,0.006,72.0,0.009,73.0
15,20180116,0.007,109.0,0.004,124.0,0.003,109.0,0.005,116.0
16,20180117,0.006,119.0,0.008,125.0,0.004,114.0,0.007,116.0
17,20180118,0.016,86.0,0.015,96.0,0.01,89.0,0.013,97.0
18,20180119,0.017,61.0,0.016,65.0,0.011,64.0,0.016,66.0
19,20180120,0.014,101.0,0.012,110.0,0.01,105.0,0.012,109.0
20,20180121,0.015,64.0,0.013,65.0,0.009,63.0,0.017,66.0
21,20180122,0.008,48.0,0.007,53.0,0.005,53.0,0.008,54.0
22,20180123,0.029,25.0,0.03,28.0,0.021,24.0,0.025,29.0
23,20180124,0.027,29.0,0.026,29.0,0.023,32.0,0.023,33.0
24,20180125,0.026,24.0,0.023,21.0,0.021,26.0,0.021,22.0
25,20180126,0.024,33.0,0.021,30.0,0.02,33.0,0.018,30.0
26,20180127,0.01,47.0,0.008,45.0,0.007,49.0,0.01,45.0
27,20180128,0.021,34.0,0.02,27.0,0.02,32.0,0.017,30.0
28,20180129,0.025,46.0,0.02,43.0,0.02,51.0,0.022,41.0
29,20180130,0.01,44.0,0.007,39.0,0.007,44.0,0.008,39.0
30,20180131,0.008,43.0,0.01,36.0,0.007,44.0,0.008,35.0
31,20180201,0.011,41.0,0.01,36.0,0.008,43.0,0.009,34.0
32,20180202,0.007,56.0,0.007,53.0,0.004,59.0,0.008,51.0
33,20180203,0.025,40.0,0.019,34.0,0.019,40.0,0.021,34.0
34,20180204,0.029,32.0,0.021,30.0,0.023,34.0,0.024,29.0
35,20180205,0.027,28.0,0.02,23.0,0.018,32.0,0.021,23.0
36,20180206,0.026,32.0,0.019,28.0,0.021,34.0,0.022,28.0
37,20180207,0.011,43.0,0.01,39.0,0.01,43.0,0.01,39.0
38,20180208,0.006,54.0,0.005,50.0,0.004,56.0,0.006,49.0
39,20180209,0.004,67.0,0.005,69.0,0.004,69.0,0.005,63.0
40,20180210,0.032,77.0,0.017,72.0,0.015,82.0,0.017,65.0
41,20180211,0.029,52.0,0.02,50.0,0.024,59.0,0.025,48.0
42,20180212,0.025,50.0,0.018,46.0,0.019,56.0,0.022,45.0
43,20180213,0.018,49.0,0.012,47.0,0.014,55.0,0.015,47.0
44,20180214,0.02,64.0,0.014,58.0,0.018,72.0,0.023,61.0
45,20180215,0.026,38.0,0.02,35.0,0.022,42.0,0.024,33.0
46,20180216,0.019,44.0,0.016,41.0,0.016,49.0,0.02,41.0
47,20180217,0.028,48.0,0.02,46.0,0.023,58.0,0.025,44.0
48,20180218,0.018,35.0,0.014,32.0,0.015,39.0,0.018,33.0
49,20180219,0.009,60.0,0.007,57.0,0.006,68.0,0.005,59.0
50,20180220,0.02,63.0,0.015,56.0,0.015,66.0,0.03,56.0
51,20180221,0.026,34.0,0.018,33.0,0.021,41.0,0.024,32.0
52,20180222,0.02,44.0,0.013,42.0,0.017,49.0,0.02,41.0
53,20180223,0.02,86.0,0.012,87.0,0.016,95.0,0.017,83.0
54,20180224,0.022,80.0,0.016,73.0,0.017,85.0,0.021,72.0
55,20180225,0.016,43.0,0.014,39.0,0.013,46.0,0.019,38.0
56,20180226,0.01,64.0,0.007,61.0,0.007,66.0,0.009,60.0
57,20180227,0.005,100.0,0.003,98.0,0.002,101.0,0.003,96.0
58,20180228,0.02,64.0,0.006,74.0,0.011,73.0,0.012,63.0
59,20180301,0.034,40.0,0.023,38.0,0.028,44.0,0.031,35.0
60,20180302,0.019,63.0,0.014,63.0,0.015,74.0,0.016,60.0
61,20180303,0.014,57.0,0.01,54.0,0.01,65.0,0.013,53.0
62,20180304,0.013,35.0,0.007,30.0,0.007,30.0,0.01,25.0
63,20180305,0.031,8.0,0.02,7.0,0.028,11.0,0.031,7.0
64,20180306,0.017,30.0,0.014,26.0,0.015,33.0,0.018,25.0
65,20180307,0.026,25.0,0.015,24.0,0.02,31.0,0.026,23.0
66,20180308,0.025,30.0,0.013,32.0,0.021,38.0,0.022,28.0
67,20180309,0.019,45.0,0.011,42.0,0.011,57.0,0.014,44.0
68,20180310,0.02,50.0,0.017,46.0,0.016,49.0,0.017,44.0
69,20180311,0.03,57.0,0.024,56.0,0.024,58.0,0.027,54.0
70,20180312,0.018,95.0,0.014,91.0,0.014,105.0,0.017,87.0
71,20180313,0.019,77.0,0.017,66.0,0.018,79.0,0.019,64.0
72,20180314,0.022,24.0,0.021,19.0,0.018,28.0,0.024,19.0
73,20180315,0.012,23.0,0.013,15.0,0.008,25.0,0.012,16.0
74,20180316,0.034,13.0,0.03,10.0,0.029,17.0,0.032,10.0
75,20180317,0.022,31.0,0.021,28.0,0.016,34.0,0.023,26.0
76,20180318,0.013,62.0,0.014,57.0,0.01,56.0,,56.0
77,20180319,0.031,29.0,0.019,30.0,0.024,23.0,0.038,28.0
78,20180320,0.039,19.0,0.029,15.0,0.033,26.0,0.038,16.0
79,20180321,0.04,14.0,0.01,11.0,0.027,17.0,0.019,11.0
80,20180322,,,0.02,39.0,0.02,44.0,0.02,39.0
81,20180323,,,0.024,66.0,0.025,65.0,0.026,66.0
82,20180324,,,0.024,113.0,0.025,115.0,0.026,116.0
83,20180325,,,0.025,123.0,0.033,119.0,0.031,118.0
84,20180326,,,0.018,109.0,0.02,108.0,0.02,102.0
85,20180327,0.064,96.0,0.021,89.0,0.02,99.0,0.025,86.0
86,20180328,,62.0,0.023,51.0,0.022,60.0,0.031,51.0
87,20180329,,61.0,0.022,53.0,0.019,68.0,0.025,52.0
88,20180330,,64.0,0.021,57.0,0.021,69.0,0.026,58.0
89,20180331,,60.0,0.026,52.0,0.024,63.0,0.026,53.0
90,20180401,,70.0,0.021,61.0,0.02,78.0,0.024,62.0
91,20180402,,70.0,0.024,64.0,0.018,82.0,0.028,61.0
92,20180403,,70.0,0.018,61.0,0.014,81.0,0.02,60.0
93,20180404,,14.0,0.025,8.0,0.023,15.0,0.026,9.0
94,20180405,,7.0,0.016,3.0,0.018,9.0,0.022,3.0
95,20180406,0.036,115.0,0.021,109.0,0.023,142.0,0.025,110.0
96,20180407,0.037,51.0,0.028,43.0,0.031,56.0,0.033,42.0
97,20180408,0.034,26.0,0.021,22.0,0.026,30.0,0.028,21.0
98,20180409,0.017,37.0,0.011,37.0,0.011,37.0,0.016,38.0
99,20180410,0.029,44.0,0.018,40.0,0.022,50.0,0.026,38.0
100,20180411,0.032,65.0,0.025,53.0,0.025,70.0,0.031,54.0
101,20180412,0.027,44.0,0.024,39.0,0.023,53.0,0.026,37.0
102,20180413,0.023,37.0,0.022,30.0,0.02,41.0,0.027,28.0
103,20180414,0.033,21.0,0.022,16.0,0.027,25.0,0.03,16.0
104,20180415,0.033,77.0,0.022,65.0,0.025,86.0,0.029,66.0
105,20180416,0.026,40.0,0.02,33.0,0.02,46.0,0.027,31.0
106,20180417,0.029,62.0,0.021,53.0,0.02,68.0,0.03,54.0
107,20180418,0.029,79.0,0.028,64.0,0.022,80.0,0.029,69.0
108,20180419,0.037,87.0,0.026,76.0,0.028,89.0,0.032,79.0
109,20180420,0.039,108.0,0.026,96.0,0.026,113.0,0.038,93.0
110,20180421,0.025,82.0,0.024,67.0,0.018,92.0,0.027,64.0
111,20180422,0.029,40.0,0.018,33.0,0.025,43.0,0.03,31.0
112,20180423,0.041,8.0,0.024,6.0,0.036,9.0,0.04,5.0
113,20180424,0.037,8.0,0.022,6.0,0.031,5.0,0.036,6.0
114,20180425,0.024,37.0,0.021,31.0,,,0.03,29.0
115,20180426,0.026,49.0,0.023,39.0,0.041,48.0,0.025,35.0
116,20180427,0.036,58.0,0.026,50.0,0.028,60.0,0.033,48.0
117,20180428,0.033,66.0,0.027,57.0,0.031,64.0,0.03,58.0
118,20180429,0.044,57.0,0.034,49.0,0.052,67.0,0.042,49.0
119,20180430,0.037,88.0,0.031,74.0,0.034,86.0,0.043,74.0
120,20180501,0.036,67.0,0.03,54.0,0.027,62.0,0.035,54.0
121,20180502,0.025,45.0,0.019,40.0,0.018,44.0,0.021,38.0
122,20180503,0.034,28.0,0.032,23.0,0.026,33.0,0.033,21.0
123,20180504,0.04,42.0,0.036,38.0,0.036,49.0,0.037,36.0
124,20180505,0.047,41.0,0.039,33.0,0.044,48.0,0.051,33.0
125,20180506,0.035,14.0,0.028,11.0,0.034,17.0,0.037,10.0
126,20180507,0.023,36.0,0.019,31.0,0.017,46.0,0.024,28.0
127,20180508,0.039,17.0,0.031,12.0,0.037,24.0,0.039,11.0
128,20180509,0.034,23.0,0.028,17.0,0.031,27.0,0.034,15.0
129,20180510,0.029,47.0,0.025,35.0,0.027,46.0,0.032,34.0
130,20180511,0.037,63.0,0.031,52.0,0.034,60.0,0.039,52.0
131,20180512,0.011,30.0,0.013,29.0,0.01,30.0,0.016,23.0
132,20180513,0.024,23.0,0.022,18.0,0.02,24.0,0.023,18.0
133,20180514,0.026,75.0,0.022,63.0,0.023,65.0,0.03,63.0
134,20180515,0.028,80.0,0.024,71.0,0.02,71.0,0.035,69.0
135,20180516,0.004,33.0,0.007,34.0,0.005,33.0,0.007,33.0
136,20180517,0.007,12.0,0.008,11.0,0.005,16.0,0.007,10.0
137,20180518,0.014,7.0,0.012,9.0,0.011,10.0,0.012,6.0
138,20180519,0.03,10.0,0.03,7.0,0.03,13.0,0.033,6.0
139,20180520,0.031,10.0,0.034,7.0,0.033,13.0,0.034,6.0
140,20180521,0.031,17.0,0.033,15.0,0.027,23.0,0.036,11.0
141,20180522,0.021,32.0,0.023,31.0,0.013,36.0,0.024,31.0
142,20180523,0.034,50.0,0.031,40.0,0.03,54.0,0.037,34.0
143,20180524,0.036,101.0,0.029,89.0,0.033,104.0,0.042,83.0
144,20180525,0.033,100.0,0.037,85.0,0.028,99.0,0.051,83.0
145,20180526,0.048,86.0,0.036,74.0,0.039,88.0,0.064,68.0
146,20180527,0.039,73.0,0.033,59.0,0.032,78.0,0.05,58.0
147,20180528,0.039,56.0,0.027,42.0,0.03,57.0,0.049,41.0
148,20180529,0.032,46.0,0.022,34.0,0.023,47.0,0.035,35.0
149,20180530,0.028,50.0,0.021,37.0,0.021,41.0,0.031,36.0
150,20180531,0.03,52.0,0.022,37.0,0.026,44.0,0.032,36.0
151,20180601,0.027,48.0,0.022,35.0,0.02,57.0,0.034,34.0
152,20180602,0.027,42.0,0.023,35.0,0.025,50.0,0.035,33.0
153,20180603,0.031,30.0,0.026,27.0,0.029,40.0,0.039,26.0
154,20180604,0.023,45.0,0.017,35.0,0.019,53.0,0.03,34.0
155,20180605,0.038,46.0,0.024,35.0,0.036,55.0,0.039,37.0
156,20180606,0.029,48.0,0.024,38.0,0.025,73.0,0.036,37.0
157,20180607,0.021,54.0,0.019,37.0,0.018,51.0,0.025,38.0
158,20180608,0.027,37.0,0.024,27.0,0.024,45.0,0.032,26.0
159,20180609,0.031,40.0,0.025,30.0,0.031,40.0,0.035,28.0
160,20180610,0.029,9.0,0.022,4.0,0.031,11.0,0.032,4.0
161,20180611,0.022,9.0,0.016,7.0,0.018,16.0,0.023,7.0
162,20180612,0.022,16.0,0.016,11.0,0.017,18.0,0.02,18.0
163,20180613,0.027,33.0,0.021,22.0,0.022,37.0,0.032,23.0
164,20180614,0.023,32.0,0.019,23.0,0.02,31.0,0.028,23.0
165,20180615,0.025,14.0,0.02,8.0,0.024,20.0,0.029,8.0
166,20180616,0.032,21.0,0.024,15.0,0.03,33.0,0.039,14.0
167,20180617,0.03,58.0,0.024,41.0,0.029,53.0,0.039,40.0
168,20180618,0.035,48.0,0.025,36.0,0.029,48.0,0.044,33.0
169,20180619,0.024,45.0,0.019,33.0,0.021,52.0,0.026,32.0
170,20180620,0.034,49.0,0.023,34.0,0.029,53.0,0.033,33.0
171,20180621,0.035,44.0,0.026,30.0,0.029,53.0,0.039,29.0
172,20180622,0.034,49.0,0.03,33.0,0.027,52.0,0.044,32.0
173,20180623,0.033,45.0,0.026,32.0,0.033,43.0,0.038,32.0
174,20180624,0.055,62.0,0.032,53.0,0.047,76.0,0.049,51.0
175,20180625,0.05,69.0,0.055,51.0,0.039,66.0,0.05,49.0
176,20180626,0.03,51.0,0.031,45.0,0.022,49.0,0.03,46.0
177,20180627,0.037,28.0,0.041,22.0,0.025,28.0,0.032,22.0
178,20180628,0.022,21.0,0.024,17.0,0.015,23.0,0.022,17.0
179,20180629,0.036,41.0,0.039,32.0,0.023,37.0,0.037,30.0
180,20180630,0.023,45.0,0.023,50.0,0.015,44.0,0.025,44.0
181,20180701,0.015,11.0,0.014,9.0,0.011,13.0,0.019,9.0
182,20180702,0.018,8.0,0.019,6.0,0.015,12.0,0.024,5.0
183,20180703,0.011,12.0,0.013,9.0,0.01,15.0,0.012,9.0
184,20180704,0.019,25.0,0.022,18.0,0.014,25.0,0.015,18.0
185,20180705,0.016,18.0,0.02,14.0,0.014,17.0,0.016,13.0
186,20180706,0.018,5.0,0.021,4.0,0.017,9.0,0.02,3.0
187,20180707,0.024,7.0,0.031,6.0,0.024,10.0,0.026,4.0
188,20180708,0.027,11.0,0.037,9.0,0.029,13.0,0.027,6.0
189,20180709,0.008,8.0,0.01,6.0,0.009,11.0,0.011,4.0
190,20180710,0.005,22.0,0.005,19.0,0.005,21.0,0.007,16.0
191,20180711,0.006,29.0,0.008,32.0,0.008,25.0,0.007,26.0
192,20180712,0.008,28.0,0.006,25.0,0.008,25.0,0.006,24.0
193,20180713,0.013,21.0,0.013,19.0,0.01,21.0,0.012,17.0
194,20180714,0.016,18.0,0.017,16.0,0.011,19.0,0.014,15.0
195,20180715,0.024,21.0,0.028,19.0,0.019,22.0,0.024,20.0
196,20180716,0.021,27.0,0.027,22.0,0.016,26.0,0.024,23.0
197,20180717,0.016,32.0,0.018,25.0,0.013,32.0,0.016,25.0
198,20180718,0.012,33.0,0.025,31.0,0.016,32.0,0.022,31.0
199,20180719,0.022,33.0,0.026,23.0,0.018,30.0,0.026,26.0
200,20180720,0.032,40.0,0.042,33.0,0.02,35.0,0.039,31.0
201,20180721,0.044,46.0,0.049,33.0,0.034,43.0,0.048,32.0
202,20180722,0.044,32.0,0.053,26.0,0.035,34.0,0.042,25.0
203,20180723,0.028,30.0,0.041,28.0,0.024,34.0,0.028,27.0
204,20180724,0.046,43.0,0.068,39.0,0.038,44.0,0.051,39.0
205,20180725,0.025,32.0,0.033,29.0,0.018,27.0,0.025,29.0
206,20180726,0.024,39.0,0.031,38.0,0.021,40.0,0.025,37.0
207,20180727,0.031,47.0,0.039,46.0,0.028,44.0,0.031,46.0
208,20180728,0.017,34.0,0.025,37.0,0.018,34.0,0.02,37.0
209,20180729,0.024,17.0,0.028,16.0,0.02,17.0,0.024,14.0
210,20180730,0.021,8.0,0.028,6.0,0.019,12.0,0.022,6.0
211,20180731,0.033,16.0,0.047,11.0,0.03,20.0,0.036,12.0
212,20180801,0.039,30.0,0.062,29.0,0.039,34.0,0.044,26.0
213,20180802,0.051,40.0,0.059,34.0,0.043,41.0,0.055,36.0
214,20180803,0.052,44.0,0.064,39.0,0.038,47.0,0.056,40.0
215,20180804,0.032,28.0,0.038,22.0,0.024,28.0,0.035,23.0
216,20180805,0.025,24.0,0.029,21.0,0.022,25.0,0.026,25.0
217,20180806,0.021,26.0,0.029,25.0,0.021,29.0,0.024,26.0
218,20180807,0.032,21.0,0.036,15.0,0.023,18.0,0.033,15.0
219,20180808,0.02,29.0,0.026,21.0,0.017,26.0,0.021,25.0
220,20180809,0.017,25.0,0.022,18.0,0.015,24.0,0.02,18.0
221,20180810,0.025,14.0,0.028,11.0,0.023,17.0,0.025,10.0
222,20180811,0.029,9.0,0.037,5.0,0.025,13.0,0.031,5.0
223,20180812,0.031,14.0,0.037,10.0,0.029,17.0,0.031,11.0
224,20180813,0.028,32.0,0.03,26.0,0.023,32.0,0.026,29.0
225,20180814,0.027,31.0,0.029,23.0,0.025,30.0,0.026,24.0
226,20180815,0.034,27.0,0.035,23.0,0.03,31.0,0.033,24.0
227,20180816,0.023,15.0,0.024,11.0,0.02,19.0,0.024,11.0
228,20180817,0.027,12.0,0.03,10.0,0.025,16.0,0.028,8.0
229,20180818,0.033,16.0,0.037,10.0,0.031,22.0,0.032,10.0
230,20180819,0.039,26.0,0.046,17.0,0.036,30.0,0.041,16.0
231,20180820,0.04,35.0,0.048,28.0,0.034,37.0,0.039,26.0
232,20180821,0.029,24.0,0.031,17.0,0.022,23.0,0.028,19.0
233,20180822,0.027,24.0,0.027,18.0,0.026,26.0,0.028,17.0
234,20180823,0.013,12.0,0.012,8.0,0.011,18.0,0.015,8.0
235,20180824,0.015,8.0,0.019,5.0,0.014,9.0,0.016,6.0
236,20180825,0.033,25.0,0.043,18.0,0.03,23.0,0.033,19.0
237,20180826,0.024,20.0,0.033,13.0,0.024,17.0,0.029,12.0
238,20180827,0.017,9.0,0.017,5.0,0.014,10.0,0.018,5.0
239,20180828,0.009,9.0,0.005,7.0,0.005,12.0,0.008,6.0
240,20180829,0.007,13.0,0.006,10.0,0.005,14.0,0.007,10.0
241,20180830,0.024,29.0,0.024,22.0,0.017,26.0,0.019,23.0
242,20180831,0.026,27.0,0.039,19.0,0.019,23.0,0.031,22.0
243,20180901,0.022,18.0,0.026,15.0,0.02,20.0,0.024,13.0
244,20180902,0.03,13.0,0.037,11.0,0.029,14.0,0.031,8.0
245,20180903,0.014,15.0,0.015,10.0,0.013,15.0,0.017,11.0
246,20180904,0.024,21.0,0.028,10.0,0.019,16.0,0.026,15.0
247,20180905,0.034,30.0,0.043,21.0,0.03,27.0,0.039,22.0
248,20180906,0.027,40.0,0.046,28.0,0.027,31.0,0.032,28.0
249,20180907,0.035,26.0,0.046,21.0,0.029,24.0,0.04,24.0
250,20180908,0.02,23.0,0.03,19.0,0.019,26.0,0.029,18.0
251,20180909,0.025,20.0,0.034,17.0,0.025,22.0,0.032,14.0
252,20180910,0.026,11.0,0.031,7.0,0.027,15.0,0.029,7.0
253,20180911,0.022,11.0,0.029,8.0,0.025,15.0,0.027,8.0
254,20180912,0.024,16.0,0.032,11.0,0.025,18.0,0.029,11.0
255,20180913,0.016,18.0,0.021,14.0,0.016,21.0,0.017,15.0
256,20180914,0.014,16.0,0.016,14.0,0.015,21.0,0.017,14.0
257,20180915,0.013,14.0,0.019,8.0,0.012,15.0,0.016,7.0
258,20180916,0.019,38.0,0.03,30.0,0.017,35.0,0.023,28.0
259,20180917,0.028,30.0,0.037,21.0,0.022,26.0,0.03,21.0
260,20180918,0.018,40.0,0.023,29.0,0.014,36.0,0.023,27.0
261,20180919,0.018,43.0,0.024,33.0,0.017,37.0,0.023,31.0
262,20180920,0.022,15.0,0.026,10.0,0.023,17.0,0.026,10.0
263,20180921,0.017,7.0,0.019,4.0,0.016,11.0,0.021,4.0
264,20180922,0.022,35.0,0.03,25.0,0.018,30.0,0.024,24.0
265,20180923,0.026,31.0,0.032,24.0,0.023,30.0,0.029,23.0
266,20180924,0.023,13.0,0.032,10.0,0.022,17.0,0.027,9.0
267,20180925,0.022,13.0,0.026,11.0,0.025,18.0,0.024,10.0
268,20180926,0.025,6.0,0.03,6.0,0.028,10.0,0.028,4.0
269,20180927,0.024,7.0,0.025,5.0,0.023,12.0,0.025,6.0
270,20180928,0.014,12.0,0.018,9.0,0.015,17.0,0.019,8.0
271,20180929,0.017,14.0,0.02,11.0,0.015,19.0,0.02,9.0
272,20180930,0.024,19.0,0.026,16.0,0.021,25.0,0.026,13.0
273,20181001,0.026,17.0,0.032,12.0,0.023,24.0,0.027,17.0
274,20181002,0.018,27.0,0.027,20.0,0.014,28.0,0.023,20.0
275,20181003,0.015,29.0,0.02,22.0,0.015,42.0,0.023,19.0
276,20181004,0.018,16.0,0.022,17.0,0.021,22.0,0.025,15.0
277,20181005,0.021,8.0,0.019,8.0,0.019,14.0,0.022,6.0
278,20181006,0.026,5.0,0.027,4.0,0.022,7.0,0.029,3.0
279,20181007,0.019,27.0,0.027,21.0,0.017,29.0,0.023,19.0
280,20181008,0.013,23.0,0.018,18.0,0.011,25.0,0.018,16.0
281,20181009,0.012,23.0,0.013,21.0,0.007,29.0,0.014,19.0
282,20181010,0.02,18.0,0.026,15.0,0.018,19.0,0.022,13.0
283,20181011,0.016,15.0,0.024,14.0,0.015,19.0,0.017,12.0
284,20181012,0.009,25.0,0.016,21.0,0.008,25.0,0.01,19.0
285,20181013,0.011,32.0,0.014,26.0,0.008,32.0,0.012,24.0
286,20181014,0.021,34.0,0.028,29.0,0.018,31.0,0.025,26.0
287,20181015,0.021,69.0,0.031,48.0,0.019,51.0,0.027,48.0
288,20181016,0.013,61.0,0.02,46.0,0.01,48.0,0.02,46.0
289,20181017,0.011,39.0,0.015,31.0,0.009,34.0,0.015,30.0
290,20181018,0.012,14.0,0.014,11.0,0.011,17.0,0.016,8.0
291,20181019,0.015,17.0,0.019,16.0,0.014,23.0,0.018,14.0
292,20181020,0.009,37.0,0.013,35.0,0.007,42.0,0.012,32.0
293,20181021,0.015,38.0,0.022,32.0,0.012,42.0,0.018,30.0
294,20181022,0.011,53.0,0.017,44.0,0.009,46.0,0.014,44.0
295,20181023,0.01,54.0,0.016,46.0,0.008,42.0,0.013,43.0
296,20181024,0.01,43.0,0.015,37.0,0.007,39.0,0.015,33.0
297,20181025,0.009,39.0,0.012,33.0,0.005,38.0,0.011,29.0
298,20181026,0.007,36.0,0.012,31.0,0.007,33.0,0.012,30.0
299,20181027,0.021,26.0,0.029,22.0,0.017,30.0,0.023,22.0
300,20181028,0.012,13.0,0.018,10.0,0.01,16.0,0.016,9.0
301,20181029,0.012,16.0,0.019,14.0,0.012,18.0,0.015,13.0
302,20181030,0.013,19.0,0.019,17.0,0.011,23.0,0.013,17.0
303,20181031,0.013,22.0,0.02,17.0,0.01,23.0,0.015,18.0
304,20181101,0.006,41.0,0.011,32.0,0.006,38.0,0.008,31.0
305,20181102,0.006,42.0,0.009,38.0,0.006,40.0,0.007,39.0
306,20181103,0.006,58.0,0.012,48.0,0.006,49.0,0.009,46.0
307,20181104,0.011,45.0,0.018,40.0,0.01,42.0,0.017,39.0
308,20181105,0.005,62.0,0.01,54.0,0.005,54.0,0.008,51.0
309,20181106,0.002,104.0,0.005,91.0,0.003,86.0,0.004,90.0
310,20181107,0.007,59.0,0.008,55.0,0.008,50.0,0.013,47.0
311,20181108,0.012,5.0,0.011,7.0,0.011,10.0,0.018,4.0
312,20181109,0.024,43.0,0.03,36.0,0.023,39.0,0.025,34.0
313,20181110,0.016,78.0,0.026,69.0,0.014,63.0,0.022,67.0
314,20181111,0.008,71.0,0.012,62.0,0.01,57.0,0.011,64.0
315,20181112,0.009,27.0,0.015,25.0,0.012,32.0,0.016,23.0
316,20181113,0.007,39.0,0.01,42.0,0.008,42.0,0.012,33.0
317,20181114,0.009,33.0,0.012,30.0,0.009,35.0,0.012,25.0
318,20181115,0.006,45.0,0.007,45.0,0.005,45.0,0.011,37.0
319,20181116,0.011,58.0,0.015,53.0,0.01,54.0,0.014,50.0
320,20181117,0.009,33.0,0.012,29.0,0.009,35.0,0.012,29.0
321,20181118,0.008,39.0,0.011,35.0,0.008,38.0,0.012,31.0
322,20181119,0.009,59.0,0.014,50.0,0.008,57.0,0.011,50.0
323,20181120,0.008,49.0,0.014,42.0,0.008,49.0,0.013,39.0
324,20181121,0.008,33.0,0.012,30.0,0.009,33.0,0.01,30.0
325,20181122,0.018,18.0,0.023,18.0,0.016,25.0,0.021,16.0
326,20181123,0.009,26.0,0.012,23.0,0.01,28.0,0.012,21.0
327,20181124,0.008,20.0,0.007,20.0,0.007,23.0,0.015,16.0
328,20181125,0.004,45.0,0.004,45.0,0.003,37.0,0.006,38.0
329,20181126,0.004,54.0,0.004,61.0,0.004,55.0,0.008,50.0
330,20181127,0.003,112.0,0.005,116.0,0.005,115.0,0.004,102.0
331,20181128,0.009,129.0,0.014,109.0,0.012,132.0,0.015,109.0
332,20181129,0.002,79.0,0.005,66.0,0.003,82.0,0.006,69.0
333,20181130,0.004,65.0,0.008,57.0,0.006,66.0,0.009,55.0
334,20181201,0.004,47.0,0.006,44.0,0.005,53.0,0.006,37.0
335,20181202,0.007,42.0,0.006,45.0,0.005,50.0,0.008,40.0
336,20181203,0.005,38.0,0.005,39.0,0.002,40.0,0.007,36.0
337,20181204,0.008,34.0,0.013,29.0,0.008,35.0,0.01,27.0
338,20181205,0.009,25.0,0.01,24.0,0.009,31.0,0.011,25.0
339,20181206,0.009,36.0,0.013,33.0,0.009,38.0,0.011,33.0
340,20181207,0.02,18.0,0.026,18.0,0.021,26.0,0.024,16.0
341,20181208,0.019,18.0,0.024,21.0,0.02,27.0,0.022,19.0
342,20181209,0.015,21.0,0.02,21.0,0.017,24.0,0.017,20.0
343,20181210,0.005,33.0,0.007,33.0,0.005,35.0,0.009,28.0
344,20181211,0.003,30.0,0.005,40.0,0.003,40.0,0.006,30.0
345,20181212,0.011,44.0,0.018,43.0,0.012,49.0,0.016,39.0
346,20181213,0.01,36.0,0.015,38.0,0.012,37.0,0.014,35.0
347,20181214,0.006,32.0,0.013,29.0,0.008,34.0,0.01,30.0
348,20181215,0.003,50.0,0.004,58.0,0.003,57.0,0.006,48.0
349,20181216,0.002,50.0,0.003,57.0,0.003,48.0,0.003,48.0
350,20181217,0.008,66.0,0.013,72.0,0.008,68.0,0.01,66.0
351,20181218,0.005,47.0,0.008,44.0,0.005,48.0,0.008,37.0
352,20181219,0.004,53.0,0.008,48.0,0.005,51.0,0.007,46.0
353,20181220,0.003,54.0,0.004,55.0,0.004,58.0,0.005,49.0
354,20181221,0.002,71.0,0.003,73.0,0.002,77.0,0.003,63.0
355,20181222,0.005,84.0,0.009,82.0,0.006,86.0,0.007,80.0
356,20181223,0.016,50.0,0.022,46.0,0.018,55.0,0.02,47.0
357,20181224,0.009,21.0,0.016,18.0,0.011,25.0,0.012,19.0
358,20181225,0.002,36.0,0.003,31.0,0.003,35.0,0.004,29.0
359,20181226,0.012,44.0,0.015,44.0,0.012,53.0,0.015,40.0
360,20181227,0.017,24.0,0.022,23.0,0.02,36.0,0.022,22.0
361,20181228,0.011,30.0,0.016,32.0,0.015,42.0,0.015,28.0
362,20181229,0.018,35.0,0.023,33.0,0.023,49.0,0.021,28.0
363,20181230,0.008,29.0,0.013,30.0,0.014,35.0,0.011,27.0
364,20181231,0.004,41.0,0.007,48.0,0.005,54.0,0.007,44.0
365,20190101,0.011,35.0,0.016,35.0,0.016,44.0,0.014,34.0
366,20190102,0.007,32.0,0.013,31.0,0.011,40.0,0.01,29.0
367,20190103,0.003,44.0,0.006,37.0,0.006,45.0,0.006,36.0
368,20190104,0.002,59.0,0.003,59.0,0.003,72.0,0.003,51.0
369,20190105,0.013,65.0,0.018,61.0,0.017,74.0,0.016,61.0
370,20190106,0.006,48.0,0.011,45.0,0.011,59.0,0.012,41.0
371,20190107,0.006,57.0,0.01,53.0,0.007,65.0,0.007,50.0
372,20190108,0.018,38.0,0.022,33.0,0.02,47.0,0.02,31.0
373,20190109,0.008,51.0,0.009,45.0,0.009,61.0,0.01,42.0
374,20190110,0.002,67.0,0.004,57.0,0.003,68.0,0.004,56.0
375,20190111,0.004,72.0,0.004,71.0,0.006,86.0,0.007,63.0
376,20190112,0.006,87.0,0.01,97.0,0.007,103.0,0.008,83.0
377,20190113,0.009,106.0,0.013,114.0,0.013,116.0,0.011,106.0
378,20190114,0.003,159.0,0.006,167.0,0.005,170.0,0.007,160.0
379,20190115,0.016,129.0,0.024,127.0,0.022,153.0,0.02,119.0
380,20190116,0.01,46.0,0.016,45.0,0.013,57.0,0.014,42.0
381,20190117,0.01,39.0,0.014,37.0,0.011,52.0,0.012,34.0
382,20190118,0.005,61.0,0.01,56.0,0.007,73.0,0.008,49.0
383,20190119,0.005,96.0,0.008,90.0,0.007,106.0,0.007,89.0
384,20190120,0.023,64.0,0.027,59.0,0.027,78.0,0.024,56.0
385,20190121,0.007,46.0,0.01,44.0,0.007,49.0,0.007,41.0
386,20190122,0.007,69.0,0.01,63.0,0.008,78.0,0.008,59.0
387,20190123,0.013,70.0,0.017,67.0,0.016,82.0,0.016,64.0
388,20190124,0.006,42.0,0.013,38.0,0.009,50.0,0.01,37.0
389,20190125,0.015,54.0,0.023,40.0,0.018,65.0,0.018,39.0
390,20190126,0.021,40.0,0.025,38.0,0.024,50.0,0.023,36.0
391,20190127,0.012,38.0,0.017,36.0,0.013,45.0,0.012,34.0
392,20190128,0.02,90.0,0.024,73.0,0.024,104.0,0.022,69.0
393,20190129,0.006,71.0,0.009,61.0,0.008,81.0,0.009,59.0
394,20190130,0.005,66.0,0.008,57.0,0.006,74.0,0.007,59.0
395,20190131,0.013,77.0,0.018,71.0,0.015,88.0,0.016,60.0
396,20190201,0.011,38.0,0.015,41.0,0.012,47.0,0.011,36.0
397,20190202,0.006,57.0,0.006,59.0,0.008,66.0,0.011,52.0
398,20190203,0.017,44.0,0.014,37.0,0.018,43.0,0.017,34.0
399,20190204,0.022,68.0,0.025,76.0,0.029,79.0,0.023,68.0
400,20190205,0.009,84.0,0.012,82.0,0.016,95.0,0.012,68.0
401,20190206,0.012,93.0,0.014,93.0,0.014,104.0,0.01,83.0
402,20190207,0.024,57.0,0.027,59.0,0.028,69.0,0.027,55.0
403,20190208,0.014,29.0,0.018,31.0,0.015,40.0,0.016,27.0
404,20190209,0.022,32.0,0.026,34.0,0.026,41.0,0.024,30.0
405,20190210,0.016,38.0,0.02,42.0,0.02,46.0,0.017,37.0
406,20190211,0.02,35.0,0.024,36.0,0.024,47.0,0.018,35.0
407,20190212,0.017,54.0,0.022,57.0,0.022,71.0,0.021,51.0
408,20190213,0.021,35.0,0.023,35.0,0.023,47.0,0.024,32.0
409,20190214,0.012,49.0,0.013,49.0,0.013,61.0,0.014,43.0
410,20190215,0.012,36.0,0.015,36.0,0.024,45.0,0.012,36.0
411,20190216,0.029,53.0,0.032,56.0,0.025,67.0,0.029,54.0
412,20190217,0.021,36.0,0.027,34.0,0.029,40.0,0.021,33.0
413,20190218,0.005,44.0,0.006,39.0,0.01,56.0,0.007,36.0
414,20190219,0.007,40.0,0.009,40.0,0.006,54.0,0.007,39.0
415,20190220,0.022,59.0,0.025,59.0,0.022,74.0,0.024,55.0
416,20190221,0.01,78.0,0.013,80.0,0.012,88.0,0.013,75.0
417,20190222,0.008,72.0,0.013,70.0,0.01,88.0,0.01,70.0
418,20190223,0.013,56.0,0.015,49.0,0.017,63.0,0.016,43.0
419,20190224,0.018,60.0,0.021,58.0,0.02,72.0,0.018,55.0
420,20190225,0.016,85.0,0.022,79.0,0.019,97.0,0.018,82.0
421,20190226,0.01,57.0,0.014,51.0,0.011,65.0,0.014,49.0
422,20190227,0.013,67.0,0.018,60.0,0.012,91.0,0.012,59.0
423,20190228,0.018,91.0,0.023,85.0,0.019,101.0,0.021,82.0
424,20190301,0.021,117.0,0.033,114.0,0.027,132.0,0.024,108.0
425,20190302,0.021,110.0,0.027,113.0,0.02,129.0,0.024,105.0
426,20190303,0.024,100.0,0.033,105.0,0.029,116.0,0.027,94.0
427,20190304,0.021,149.0,0.035,155.0,0.025,174.0,0.027,140.0
428,20190305,0.032,183.0,0.037,186.0,0.034,198.0,0.028,180.0
429,20190306,0.025,134.0,0.036,136.0,0.028,154.0,0.027,124.0
430,20190307,0.03,53.0,0.038,47.0,0.032,63.0,0.027,46.0
431,20190308,0.014,50.0,0.024,45.0,0.016,59.0,0.015,44.0
432,20190309,0.01,44.0,0.013,41.0,0.01,57.0,0.011,37.0
433,20190310,0.025,47.0,0.025,49.0,0.027,56.0,0.024,44.0
434,20190311,0.02,69.0,0.019,65.0,0.021,82.0,0.02,59.0
435,20190312,0.028,81.0,0.034,78.0,0.029,97.0,0.024,79.0
436,20190313,0.026,42.0,0.032,37.0,0.03,46.0,0.028,35.0
437,20190314,0.023,41.0,0.029,38.0,0.026,53.0,0.023,34.0
438,20190315,0.024,58.0,0.028,51.0,0.028,71.0,0.023,46.0
439,20190316,0.02,40.0,0.024,37.0,0.021,49.0,0.021,33.0
440,20190317,0.022,35.0,0.034,32.0,0.03,44.0,0.023,30.0
441,20190318,0.01,41.0,0.016,35.0,0.013,47.0,0.013,35.0
442,20190319,0.012,71.0,0.002,62.0,0.014,83.0,0.014,59.0
443,20190320,0.014,94.0,0.016,93.0,0.017,116.0,0.018,85.0
444,20190321,0.031,40.0,0.024,27.0,0.034,45.0,0.025,27.0
445,20190322,0.032,33.0,0.031,32.0,0.036,46.0,,29.0
446,20190323,0.026,22.0,0.034,19.0,0.031,30.0,,19.0
447,20190324,0.028,25.0,0.039,22.0,0.036,32.0,0.044,21.0
448,20190325,0.028,51.0,0.036,41.0,0.033,60.0,0.037,39.0
449,20190326,0.025,62.0,0.035,53.0,0.027,79.0,0.032,50.0
450,20190327,0.041,98.0,0.051,81.0,0.05,118.0,0.05,82.0
451,20190328,0.03,85.0,0.038,74.0,0.031,100.0,0.04,73.0
452,20190329,0.034,39.0,0.04,33.0,0.039,50.0,0.042,32.0
453,20190330,0.032,35.0,0.041,29.0,0.038,47.0,0.039,30.0
454,20190331,0.033,41.0,0.04,38.0,0.039,49.0,0.041,36.0
455,20190401,0.031,22.0,0.039,20.0,0.037,30.0,0.038,19.0
456,20190402,0.025,33.0,0.035,27.0,0.031,41.0,0.033,26.0
457,20190403,0.026,39.0,0.035,33.0,0.033,47.0,0.033,33.0
458,20190404,0.03,35.0,0.04,29.0,0.034,41.0,0.034,30.0
459,20190405,0.035,85.0,0.045,66.0,0.041,86.0,0.038,60.0
460,20190406,0.014,57.0,0.018,48.0,0.015,61.0,0.018,46.0
461,20190407,0.029,35.0,0.034,30.0,0.034,41.0,0.034,26.0
462,20190408,0.028,36.0,0.037,30.0,0.031,43.0,0.036,30.0
463,20190409,0.023,22.0,0.029,19.0,0.031,28.0,0.04,19.0
464,20190410,0.026,5.0,0.036,3.0,0.033,11.0,0.03,5.0
465,20190411,0.017,28.0,0.027,20.0,0.022,33.0,0.022,19.0
466,20190412,0.022,53.0,0.037,42.0,0.032,57.0,0.027,42.0
467,20190413,0.031,47.0,0.046,40.0,0.043,48.0,0.039,38.0
468,20190414,0.035,40.0,0.054,30.0,0.045,42.0,0.042,31.0
469,20190415,0.023,51.0,0.036,45.0,0.032,55.0,0.024,39.0
470,20190416,0.022,44.0,0.032,40.0,0.03,47.0,0.029,37.0
471,20190417,0.025,41.0,0.036,33.0,0.029,45.0,0.036,33.0
472,20190418,0.019,45.0,0.032,28.0,0.029,49.0,0.026,31.0
473,20190419,0.024,42.0,0.032,34.0,0.03,48.0,0.03,33.0
474,20190420,0.027,50.0,0.038,38.0,0.033,54.0,0.034,37.0
475,20190421,0.031,42.0,0.043,22.0,0.035,44.0,0.033,25.0
476,20190422,0.024,111.0,0.039,78.0,0.03,110.0,0.032,79.0
477,20190423,0.028,107.0,0.039,83.0,0.035,104.0,0.032,83.0
478,20190424,0.024,65.0,0.036,46.0,0.027,64.0,0.028,46.0
479,20190425,0.022,36.0,0.027,32.0,0.029,41.0,0.028,31.0
480,20190426,0.029,5.0,0.03,5.0,0.032,11.0,0.028,4.0
481,20190427,0.025,19.0,0.03,13.0,0.028,19.0,0.027,12.0
482,20190428,0.032,17.0,0.047,13.0,0.042,19.0,0.039,14.0
483,20190429,0.019,27.0,0.026,18.0,0.027,28.0,0.029,17.0
484,20190430,0.024,35.0,0.032,27.0,0.027,39.0,0.03,25.0
485,20190501,0.031,69.0,0.044,50.0,0.039,67.0,0.032,49.0
486,20190502,0.026,58.0,0.039,47.0,0.033,59.0,0.033,46.0
487,20190503,0.033,62.0,0.043,52.0,0.04,63.0,0.037,50.0
488,20190504,0.035,96.0,0.055,77.0,0.052,98.0,0.046,76.0
489,20190505,0.037,66.0,0.056,59.0,0.026,63.0,0.046,58.0
490,20190506,0.035,33.0,0.048,25.0,0.048,34.0,0.04,24.0
491,20190507,0.032,48.0,0.045,39.0,0.039,48.0,0.036,37.0
492,20190508,0.042,57.0,0.061,44.0,0.055,57.0,0.05,44.0
493,20190509,0.037,50.0,0.053,38.0,0.048,51.0,0.043,40.0
494,20190510,0.035,60.0,0.033,44.0,0.045,63.0,0.039,48.0
495,20190511,0.026,71.0,0.04,54.0,0.032,71.0,0.037,54.0
496,20190512,0.042,60.0,0.057,47.0,0.059,55.0,0.052,47.0
497,20190513,0.03,65.0,0.037,48.0,0.04,61.0,0.039,48.0
498,20190514,0.036,47.0,0.048,34.0,0.045,47.0,0.045,37.0
499,20190515,0.033,80.0,0.048,57.0,0.042,75.0,0.043,59.0
500,20190516,0.038,72.0,0.05,54.0,0.047,70.0,0.049,53.0
501,20190517,0.029,56.0,0.044,43.0,0.04,56.0,0.043,42.0
502,20190518,0.037,29.0,0.042,22.0,0.049,28.0,0.042,20.0
503,20190519,0.023,15.0,0.023,12.0,0.032,15.0,0.026,10.0
504,20190520,0.031,40.0,0.033,28.0,0.037,38.0,0.031,26.0
505,20190521,0.041,58.0,0.049,43.0,0.05,57.0,0.044,41.0
506,20190522,0.053,60.0,0.065,45.0,0.067,59.0,0.058,44.0
507,20190523,0.05,74.0,0.068,60.0,0.072,77.0,0.061,57.0
508,20190524,0.059,96.0,0.079,71.0,0.079,91.0,0.073,69.0
509,20190525,0.05,92.0,0.067,64.0,0.069,85.0,0.057,68.0
510,20190526,0.041,42.0,0.05,33.0,0.056,39.0,0.05,31.0
511,20190527,0.031,24.0,0.034,18.0,0.04,23.0,0.034,17.0
512,20190528,0.033,23.0,0.04,17.0,0.04,24.0,0.036,14.0
513,20190529,0.037,54.0,0.047,38.0,0.048,55.0,0.043,35.0
514,20190530,0.037,51.0,0.051,37.0,0.049,49.0,0.046,36.0
515,20190531,0.045,23.0,0.054,14.0,0.055,22.0,0.052,15.0
516,20190601,0.042,40.0,0.051,26.0,0.052,39.0,0.045,25.0
517,20190602,0.044,45.0,0.054,29.0,0.058,43.0,0.053,28.0
518,20190603,0.042,45.0,0.051,32.0,0.052,41.0,0.051,33.0
519,20190604,0.027,32.0,0.036,23.0,0.034,30.0,0.028,25.0
520,20190605,0.032,70.0,0.033,39.0,0.038,66.0,0.033,40.0
521,20190606,0.028,73.0,0.023,46.0,0.032,70.0,0.028,49.0
522,20190607,0.05,13.0,0.043,8.0,0.061,13.0,0.048,9.0
523,20190608,0.042,29.0,0.045,19.0,0.05,25.0,0.047,18.0
524,20190609,0.045,52.0,0.049,26.0,0.058,44.0,0.049,28.0
525,20190610,0.025,11.0,0.029,5.0,0.034,10.0,0.03,5.0
526,20190611,0.031,13.0,0.039,7.0,0.043,11.0,0.036,7.0
527,20190612,0.022,32.0,0.031,21.0,0.027,36.0,0.034,20.0
528,20190613,0.028,34.0,0.043,22.0,0.041,32.0,0.04,22.0
529,20190614,0.029,38.0,0.046,25.0,0.044,39.0,0.041,26.0
530,20190615,0.035,36.0,0.047,25.0,0.05,37.0,0.046,26.0
531,20190616,0.033,21.0,0.045,10.0,0.048,17.0,0.043,11.0
532,20190617,0.031,27.0,0.035,17.0,0.037,27.0,0.035,18.0
533,20190618,0.024,31.0,0.029,23.0,0.034,37.0,0.024,22.0
534,20190619,0.037,28.0,0.046,23.0,0.05,40.0,0.044,26.0
535,20190620,0.036,28.0,0.045,19.0,0.05,38.0,0.044,19.0
536,20190621,0.028,25.0,0.034,21.0,0.039,38.0,0.036,19.0
537,20190622,0.032,8.0,0.038,7.0,0.047,12.0,0.039,7.0
538,20190623,0.031,11.0,0.045,7.0,0.049,12.0,0.043,8.0
539,20190624,0.032,19.0,0.045,18.0,0.044,24.0,0.023,17.0
540,20190625,0.038,30.0,0.053,25.0,0.054,39.0,0.038,24.0
541,20190626,0.033,31.0,0.044,28.0,0.05,36.0,0.047,30.0
542,20190627,0.032,28.0,0.034,17.0,0.043,28.0,0.034,20.0
543,20190628,0.026,32.0,0.025,36.0,0.033,55.0,0.025,36.0
544,20190629,0.023,21.0,0.026,20.0,0.035,29.0,0.027,18.0
545,20190630,0.03,34.0,0.038,29.0,0.045,41.0,0.034,32.0
546,20190701,0.041,33.0,0.051,29.0,0.051,45.0,0.043,35.0
547,20190702,0.042,29.0,0.049,25.0,0.05,41.0,0.044,26.0
548,20190703,0.028,33.0,0.039,28.0,0.029,51.0,0.034,28.0
549,20190704,0.025,33.0,0.034,25.0,0.029,44.0,0.035,24.0
550,20190705,0.038,32.0,0.048,27.0,0.041,38.0,0.054,26.0
551,20190706,0.039,24.0,0.049,27.0,0.055,31.0,0.049,26.0
552,20190707,0.038,13.0,0.045,13.0,0.05,16.0,0.045,13.0
553,20190708,0.03,7.0,0.038,6.0,0.042,12.0,0.037,8.0
554,20190709,0.029,8.0,0.035,6.0,0.04,14.0,0.032,6.0
555,20190710,0.024,8.0,0.028,6.0,0.033,13.0,0.027,6.0
556,20190711,0.017,7.0,0.019,4.0,0.02,14.0,0.007,3.0
557,20190712,0.021,18.0,0.025,11.0,0.012,12.0,0.007,12.0
558,20190713,0.033,35.0,0.023,19.0,0.033,38.0,0.012,28.0
559,20190714,0.043,46.0,0.029,30.0,0.051,61.0,0.016,36.0
560,20190715,0.024,35.0,0.026,31.0,0.035,54.0,0.007,29.0
561,20190716,0.03,32.0,0.033,27.0,0.033,39.0,0.025,26.0
562,20190717,0.032,56.0,0.038,57.0,0.041,84.0,0.034,54.0
563,20190718,0.048,62.0,0.058,64.0,0.067,82.0,0.02,66.0
564,20190719,0.027,29.0,0.035,31.0,0.049,59.0,0.032,46.0
565,20190720,0.01,10.0,0.012,5.0,0.015,8.0,0.015,4.0
566,20190721,0.017,17.0,0.02,14.0,0.021,17.0,0.011,7.0
567,20190722,0.036,43.0,0.034,45.0,0.043,51.0,0.042,43.0
568,20190723,0.015,28.0,0.02,23.0,0.011,30.0,0.018,23.0
569,20190724,0.009,23.0,0.013,15.0,0.013,18.0,0.013,13.0
570,20190725,0.012,23.0,0.015,22.0,0.01,22.0,0.016,23.0
571,20190726,0.019,28.0,0.022,17.0,0.022,19.0,0.021,19.0
572,20190727,0.033,19.0,0.031,16.0,0.021,13.0,0.017,15.0
573,20190728,0.02,14.0,0.022,10.0,0.024,8.0,,13.0
574,20190729,0.009,15.0,0.01,11.0,0.01,11.0,,12.0
575,20190730,0.015,20.0,0.014,16.0,0.011,10.0,,14.0
576,20190731,0.013,16.0,0.016,15.0,0.015,14.0,0.014,14.0
577,20190801,0.014,15.0,0.011,9.0,0.017,12.0,0.016,10.0
578,20190802,0.02,20.0,0.017,15.0,0.018,18.0,0.005,14.0
579,20190803,0.034,22.0,0.036,17.0,0.037,17.0,0.007,17.0
580,20190804,0.045,29.0,0.044,26.0,0.048,25.0,,25.0
581,20190805,0.032,38.0,0.02,35.0,0.039,33.0,,38.0
582,20190806,0.027,28.0,0.019,26.0,0.035,20.0,0.026,24.0
583,20190807,0.007,25.0,0.013,11.0,0.011,27.0,0.008,20.0
584,20190808,0.02,38.0,0.025,36.0,0.022,40.0,0.023,36.0
585,20190809,0.02,28.0,0.018,24.0,0.019,28.0,0.019,24.0
586,20190810,0.029,24.0,0.028,19.0,0.033,21.0,0.029,21.0
587,20190811,0.025,17.0,0.022,13.0,0.028,16.0,0.026,14.0
588,20190812,0.012,16.0,0.014,13.0,0.012,16.0,0.014,14.0
589,20190813,0.027,25.0,0.023,11.0,0.025,22.0,0.011,18.0
590,20190814,0.02,17.0,0.018,13.0,0.013,23.0,0.02,13.0
591,20190815,0.011,9.0,0.012,6.0,0.013,10.0,0.011,6.0
592,20190816,0.027,24.0,0.026,15.0,0.024,18.0,0.023,15.0
593,20190817,0.059,40.0,0.06,28.0,0.061,35.0,0.056,26.0
594,20190818,0.052,32.0,0.054,20.0,0.056,23.0,0.041,16.0
595,20190819,0.04,29.0,0.019,19.0,0.046,28.0,0.041,21.0
596,20190820,0.043,33.0,0.041,28.0,0.05,27.0,0.042,24.0
597,20190821,0.032,40.0,0.033,32.0,0.034,33.0,0.031,27.0
598,20190822,0.04,44.0,0.038,37.0,0.036,44.0,0.041,34.0
599,20190823,0.042,38.0,0.043,28.0,0.043,37.0,0.041,27.0
600,20190824,0.023,28.0,0.025,13.0,0.029,25.0,0.024,18.0
601,20190825,0.034,27.0,0.034,17.0,0.039,22.0,0.034,17.0
602,20190826,0.035,33.0,0.035,25.0,0.02,23.0,0.033,22.0
603,20190827,0.036,30.0,0.04,24.0,0.039,27.0,0.026,24.0
604,20190828,0.035,38.0,0.045,24.0,0.041,35.0,0.031,29.0
605,20190829,0.033,34.0,0.034,23.0,0.037,29.0,0.036,24.0
606,20190830,0.029,22.0,0.027,17.0,0.017,22.0,0.029,15.0
607,20190831,0.031,24.0,0.035,13.0,0.032,24.0,0.033,13.0
608,20190901,0.029,25.0,0.029,18.0,0.034,21.0,0.03,16.0
609,20190902,0.025,29.0,0.026,26.0,0.008,26.0,0.028,23.0
610,20190903,0.021,23.0,0.019,17.0,0.024,24.0,0.023,17.0
611,20190904,0.017,11.0,0.015,5.0,0.023,12.0,0.017,5.0
612,20190905,0.007,11.0,0.006,6.0,0.008,11.0,0.008,4.0
613,20190906,0.01,16.0,0.009,11.0,0.012,17.0,0.01,11.0
614,20190907,0.02,18.0,0.016,10.0,0.021,14.0,0.018,8.0
615,20190908,0.034,38.0,0.034,30.0,0.037,38.0,0.031,31.0
616,20190909,0.016,40.0,0.015,31.0,0.027,39.0,0.018,32.0
617,20190910,0.02,15.0,0.015,10.0,0.03,18.0,0.019,11.0
618,20190911,0.036,6.0,0.034,5.0,0.049,8.0,0.034,4.0
619,20190912,0.021,13.0,0.022,10.0,0.028,10.0,0.024,6.0
620,20190913,0.024,15.0,0.027,10.0,0.032,14.0,0.027,8.0
621,20190914,0.016,22.0,0.016,15.0,0.021,20.0,0.019,14.0
622,20190915,0.028,16.0,0.023,16.0,0.022,19.0,0.025,9.0
623,20190916,0.025,13.0,0.022,9.0,0.026,15.0,0.021,8.0
624,20190917,0.034,21.0,0.032,14.0,0.041,22.0,0.033,13.0
625,20190918,0.029,38.0,0.03,27.0,0.027,38.0,0.032,25.0
626,20190919,0.026,33.0,0.029,23.0,0.028,34.0,0.027,22.0
627,20190920,0.015,24.0,0.016,24.0,0.016,27.0,0.016,19.0
628,20190921,0.02,16.0,,,0.019,14.0,,
629,20190922,0.037,6.0,,,0.043,6.0,,
630,20190923,0.03,15.0,,,0.032,16.0,,
631,20190924,0.023,28.0,,,0.039,46.0,,
632,20190925,0.021,34.0,,,0.024,26.0,,
633,20190926,0.018,25.0,,,0.022,21.0,,
634,20190927,0.014,22.0,,,0.018,21.0,,
635,20190928,0.021,30.0,,,0.022,23.0,,
636,20190929,0.031,42.0,,,0.035,33.0,,
637,20190930,0.033,54.0,,,0.033,46.0,,
638,20191001,0.022,43.0,,,0.029,36.0,,
639,20191002,0.008,28.0,,,0.01,21.0,,
640,20191003,0.019,10.0,,,0.02,10.0,,
641,20191004,0.024,33.0,,,0.01,10.0,,
642,20191005,0.025,44.0,,,0.028,34.0,,
643,20191006,0.031,13.0,,,0.035,9.0,,
644,20191007,0.01,11.0,,,0.012,11.0,,
645,20191008,0.022,27.0,,,0.022,24.0,,
646,20191009,0.012,30.0,,,0.015,25.0,,
647,20191010,0.007,33.0,,,0.008,30.0,,
648,20191011,0.022,38.0,,,0.024,33.0,,
649,20191012,0.036,27.0,,,0.037,23.0,,
650,20191013,0.025,22.0,,,0.03,17.0,,
651,20191014,0.02,36.0,,,0.021,33.0,,
652,20191015,0.018,18.0,,,0.024,17.0,,
653,20191016,0.004,19.0,,,0.017,27.0,,
654,20191017,0.017,31.0,,,0.021,25.0,,
655,20191018,0.021,16.0,,,0.02,15.0,,
656,20191019,0.027,23.0,,,0.026,19.0,,
657,20191020,0.016,40.0,,,0.022,31.0,,
658,20191021,0.018,41.0,,,0.018,36.0,,
659,20191022,0.021,34.0,,,0.021,32.0,,
660,20191023,0.023,22.0,,,0.028,20.0,,
661,20191024,0.034,29.0,,,0.036,26.0,,
662,20191025,0.025,27.0,0.025,25.0,0.023,21.0,0.027,27.0
663,20191026,0.021,27.0,0.021,23.0,0.021,23.0,0.02,25.0
664,20191027,0.017,31.0,0.019,27.0,0.021,24.0,0.018,28.0
665,20191028,0.022,38.0,0.021,31.0,0.022,28.0,0.022,32.0
666,20191029,0.021,106.0,0.021,93.0,0.02,94.0,0.021,99.0
667,20191030,0.012,32.0,0.015,27.0,0.015,26.0,0.014,27.0
668,20191031,0.001,36.0,0.026,83.0,0.027,79.0,0.023,87.0
669,20191101,0.022,103.0,0.026,100.0,0.023,94.0,0.026,103.0
670,20191102,0.011,90.0,0.01,74.0,0.011,77.0,0.011,83.0
671,20191103,0.019,70.0,0.019,54.0,0.024,46.0,0.02,62.0
672,20191104,0.017,17.0,0.013,15.0,0.017,14.0,0.015,16.0
673,20191105,0.011,40.0,0.015,34.0,0.012,33.0,0.009,38.0
674,20191106,0.012,58.0,0.014,48.0,0.013,47.0,0.012,50.0
675,20191107,0.02,60.0,0.024,48.0,0.025,49.0,0.018,50.0
676,20191108,0.009,57.0,0.013,47.0,0.011,44.0,0.015,47.0
677,20191109,0.007,51.0,0.012,51.0,0.009,50.0,0.01,44.0
678,20191110,0.012,46.0,0.013,43.0,0.015,,0.014,41.0
679,20191111,0.021,29.0,0.025,26.0,0.017,,0.023,25.0
680,20191112,0.003,46.0,0.004,43.0,0.004,38.0,0.005,39.0
681,20191113,0.007,38.0,0.008,35.0,0.008,28.0,0.008,33.0
682,20191114,0.02,20.0,0.02,19.0,0.022,20.0,0.023,19.0
683,20191115,0.004,22.0,0.003,24.0,0.003,20.0,0.007,22.0
684,20191116,0.006,26.0,0.002,28.0,0.005,28.0,0.003,23.0
685,20191117,0.011,19.0,0.006,31.0,0.003,28.0,0.012,23.0
686,20191118,0.022,72.0,0.023,72.0,0.022,69.0,0.005,15.0
687,20191119,0.021,27.0,0.024,30.0,0.022,26.0,0.03,30.0
688,20191120,0.023,27.0,0.013,23.0,0.016,20.0,0.011,23.0
689,20191121,0.003,31.0,0.004,36.0,0.004,34.0,0.006,36.0
690,20191122,0.007,35.0,0.005,55.0,0.007,42.0,0.009,46.0
691,20191123,0.005,26.0,0.006,41.0,0.005,33.0,0.009,33.0
692,20191124,0.007,27.0,0.008,34.0,0.007,29.0,0.009,29.0
693,20191125,0.01,22.0,0.014,28.0,0.012,24.0,0.012,27.0
694,20191126,0.005,18.0,0.008,29.0,0.005,24.0,0.009,26.0
695,20191127,0.015,30.0,0.016,40.0,0.016,36.0,0.015,39.0
696,20191128,0.007,29.0,0.019,36.0,0.01,34.0,0.01,35.0
697,20191129,0.005,40.0,0.03,56.0,0.007,43.0,0.012,44.0
698,20191130,0.003,34.0,0.005,52.0,0.004,38.0,0.007,44.0
699,20191201,0.006,34.0,0.008,42.0,0.007,35.0,0.007,43.0
700,20191202,0.024,16.0,0.024,23.0,0.022,22.0,0.022,21.0
701,20191203,0.005,23.0,0.009,25.0,0.006,25.0,0.008,31.0
702,20191204,0.013,23.0,0.012,33.0,0.012,28.0,0.02,30.0
703,20191205,0.022,15.0,0.022,21.0,0.024,16.0,,21.0
704,20191206,0.011,23.0,0.01,33.0,0.011,25.0,0.012,33.0
705,20191207,0.002,36.0,0.002,41.0,0.002,39.0,,
706,20191208,0.004,44.0,0.006,58.0,0.006,49.0,,
707,20191209,0.002,52.0,0.003,70.0,0.003,59.0,,
708,20191210,0.006,73.0,0.008,106.0,0.006,80.0,0.01,65.0
709,20191211,0.018,59.0,0.019,84.0,0.023,63.0,0.02,98.0
710,20191212,0.014,15.0,0.015,22.0,0.015,18.0,,
711,20191213,0.003,25.0,0.004,30.0,0.004,24.0,0.005,28.0
712,20191214,0.013,40.0,0.013,41.0,0.014,37.0,0.012,40.0
713,20191215,0.007,36.0,0.007,39.0,0.007,33.0,0.008,36.0
714,20191216,0.003,35.0,0.004,39.0,0.004,35.0,0.003,29.0
715,20191217,0.006,28.0,0.009,31.0,0.007,22.0,0.008,29.0
716,20191218,0.008,39.0,0.012,38.0,0.01,33.0,0.01,42.0
717,20191219,0.013,27.0,0.015,26.0,0.011,25.0,0.016,30.0
718,20191220,0.013,27.0,0.016,27.0,0.015,29.0,0.012,28.0
719,20191221,0.002,37.0,0.003,37.0,0.003,33.0,0.004,36.0
720,20191222,0.007,61.0,0.009,58.0,0.007,58.0,0.01,59.0
721,20191223,0.01,51.0,0.008,56.0,0.011,52.0,0.012,53.0
722,20191224,0.005,60.0,0.006,75.0,0.008,66.0,0.009,69.0
723,20191225,0.004,47.0,0.004,52.0,0.004,46.0,0.005,52.0
724,20191226,0.012,47.0,0.014,46.0,0.012,46.0,0.007,53.0
725,20191227,0.017,33.0,0.02,31.0,0.02,32.0,0.016,41.0
726,20191228,0.004,44.0,0.005,42.0,0.005,41.0,0.006,43.0
727,20191229,0.009,44.0,0.007,45.0,0.008,43.0,0.014,44.0
728,20191230,0.013,36.0,0.01,37.0,0.012,35.0,0.012,37.0
729,20191231,0.019,22.0,0.02,25.0,0.021,25.0,0.019,23.0
730,20200101,0.003,33.0,0.003,33.0,0.003,33.0,0.005,32.0
731,20200102,0.003,61.0,0.002,47.0,0.002,53.0,0.004,60.0
732,20200103,0.002,74.0,0.01,59.0,0.008,62.0,0.008,64.0
733,20200104,0.01,54.0,0.012,51.0,0.011,54.0,0.01,56.0
734,20200105,0.008,47.0,0.006,49.0,0.008,46.0,0.01,51.0
735,20200106,0.008,33.0,0.003,38.0,0.008,35.0,0.007,47.0
736,20200107,0.014,5.0,0.005,11.0,0.007,12.0,0.01,9.0
737,20200108,0.013,27.0,0.015,25.0,0.015,27.0,0.012,27.0
738,20200109,0.02,44.0,0.021,47.0,0.018,48.0,0.019,50.0
739,20200110,0.008,57.0,0.009,63.0,0.007,60.0,0.009,66.0
740,20200111,0.012,54.0,0.015,49.0,0.015,52.0,0.015,53.0
741,20200112,0.023,43.0,0.025,42.0,0.026,43.0,0.021,50.0
742,20200113,0.02,22.0,0.021,23.0,0.019,27.0,0.018,27.0
743,20200114,0.009,30.0,0.011,26.0,0.01,30.0,0.011,31.0
744,20200115,0.01,34.0,0.013,34.0,0.012,35.0,0.012,37.0
745,20200116,0.008,42.0,0.012,41.0,0.011,42.0,0.011,44.0
746,20200117,0.004,57.0,0.008,53.0,0.005,53.0,0.007,55.0
747,20200118,0.006,60.0,0.012,58.0,0.009,57.0,0.007,62.0
748,20200119,0.013,60.0,0.017,57.0,0.015,57.0,0.012,63.0
749,20200120,0.021,50.0,0.023,49.0,0.023,50.0,0.02,51.0
750,20200121,0.01,39.0,0.011,38.0,0.013,39.0,0.013,39.0
751,20200122,0.003,42.0,0.005,40.0,0.004,42.0,0.005,43.0
752,20200123,0.011,59.0,0.016,60.0,0.014,60.0,0.014,59.0
753,20200124,0.013,71.0,0.018,65.0,0.013,69.0,0.018,69.0
754,20200125,0.007,42.0,0.009,44.0,0.007,45.0,0.01,43.0
755,20200126,0.016,20.0,0.02,24.0,0.022,24.0,0.021,22.0
756,20200127,0.031,9.0,0.03,10.0,0.037,11.0,0.029,11.0
757,20200128,0.024,10.0,0.018,12.0,0.027,13.0,0.019,16.0
758,20200129,0.013,15.0,0.011,17.0,0.016,17.0,0.017,16.0
759,20200130,0.019,13.0,0.015,17.0,0.019,17.0,0.017,16.0
760,20200131,0.019,27.0,0.017,25.0,0.021,27.0,0.017,27.0
761,20200201,0.013,70.0,0.019,64.0,0.017,64.0,0.015,69.0
762,20200202,0.017,69.0,0.022,69.0,0.021,67.0,0.021,73.0
763,20200203,0.026,24.0,0.027,23.0,0.029,25.0,0.026,25.0
764,20200204,0.017,25.0,0.019,23.0,0.022,23.0,0.017,25.0
765,20200205,0.021,23.0,0.024,19.0,0.025,22.0,0.021,22.0
766,20200206,0.011,39.0,0.011,33.0,0.012,36.0,0.011,38.0
767,20200207,0.01,37.0,0.015,31.0,0.012,36.0,0.011,37.0
768,20200208,0.027,39.0,0.03,37.0,0.033,41.0,0.027,39.0
769,20200209,0.019,36.0,0.021,33.0,0.022,36.0,0.019,37.0
770,20200210,0.01,50.0,0.013,46.0,0.011,48.0,0.014,49.0
771,20200211,0.007,58.0,0.009,52.0,0.007,55.0,0.008,54.0
772,20200212,0.005,47.0,0.005,49.0,0.006,48.0,0.009,47.0
773,20200213,0.008,65.0,0.014,70.0,0.011,72.0,0.011,74.0
774,20200214,0.008,82.0,0.009,84.0,0.011,83.0,0.013,81.0
775,20200215,0.02,57.0,0.019,62.0,0.022,58.0,0.025,59.0
776,20200216,0.022,22.0,0.024,23.0,0.026,25.0,,24.0
777,20200217,0.026,25.0,0.027,27.0,0.028,31.0,0.031,29.0
778,20200218,0.025,16.0,0.023,20.0,0.022,22.0,0.019,25.0
779,20200219,0.006,32.0,0.008,29.0,0.007,27.0,0.01,33.0
780,20200220,0.007,56.0,0.008,54.0,0.007,55.0,0.01,61.0
781,20200221,0.013,59.0,0.014,59.0,0.015,59.0,0.012,65.0
782,20200222,0.029,74.0,0.03,64.0,0.033,68.0,0.028,72.0
783,20200223,0.027,23.0,0.029,21.0,0.033,21.0,0.025,25.0
784,20200224,0.008,40.0,0.014,33.0,0.013,36.0,0.014,37.0
785,20200225,0.023,18.0,0.018,21.0,0.028,19.0,0.024,20.0
786,20200226,0.019,17.0,0.018,16.0,0.02,18.0,0.016,19.0
787,20200227,0.02,12.0,0.017,12.0,0.02,13.0,0.022,12.0
788,20200228,0.004,25.0,0.006,22.0,0.006,24.0,0.006,25.0
789,20200229,0.012,27.0,0.014,23.0,0.015,23.0,0.014,25.0
790,20200301,0.012,45.0,0.013,41.0,0.015,42.0,0.012,46.0
791,20200302,0.026,37.0,0.03,34.0,0.029,37.0,0.03,41.0
792,20200303,0.017,47.0,0.019,41.0,0.008,41.0,0.018,46.0
793,20200304,0.033,44.0,0.035,41.0,0.038,44.0,0.032,47.0
794,20200305,0.025,34.0,0.029,33.0,0.03,34.0,0.024,39.0
795,20200306,0.008,42.0,0.01,37.0,0.008,32.0,0.009,41.0
796,20200307,0.011,55.0,0.014,49.0,0.011,54.0,0.014,54.0
797,20200308,0.019,61.0,0.023,53.0,0.022,56.0,0.023,58.0
798,20200309,0.018,61.0,0.023,51.0,0.018,61.0,0.025,54.0
799,20200310,0.023,33.0,0.024,31.0,0.019,36.0,0.025,34.0
800,20200311,0.026,35.0,0.027,29.0,0.028,31.0,0.024,33.0
801,20200312,0.018,36.0,0.025,30.0,0.013,33.0,0.018,35.0
802,20200313,0.026,34.0,0.03,27.0,,31.0,0.027,30.0
803,20200314,0.026,38.0,0.031,35.0,0.033,37.0,0.025,41.0
804,20200315,0.028,42.0,0.03,34.0,0.034,39.0,0.028,40.0
805,20200316,0.023,22.0,0.025,20.0,0.028,22.0,0.022,24.0
806,20200317,0.017,50.0,0.032,44.0,0.02,45.0,0.018,48.0
807,20200318,0.017,57.0,0.029,55.0,0.022,56.0,0.017,68.0
808,20200319,0.034,63.0,0.041,50.0,0.042,55.0,0.037,58.0
809,20200320,0.022,45.0,0.026,35.0,0.028,36.0,0.02,43.0
810,20200321,0.025,58.0,0.032,48.0,0.038,47.0,,
811,20200322,0.033,42.0,0.037,36.0,0.042,36.0,,
812,20200323,0.027,53.0,0.032,43.0,0.033,46.0,,
813,20200324,0.019,60.0,0.024,51.0,0.025,54.0,0.027,57.0
814,20200325,0.024,53.0,0.009,41.0,0.029,48.0,0.032,52.0
815,20200326,0.027,51.0,0.03,45.0,0.032,47.0,0.036,53.0
816,20200327,0.029,42.0,0.031,34.0,0.029,38.0,0.03,39.0
817,20200328,0.031,35.0,0.033,27.0,0.037,29.0,0.031,32.0
818,20200329,0.027,39.0,0.031,37.0,0.037,37.0,0.029,41.0
819,20200330,0.018,53.0,0.02,45.0,0.018,50.0,0.02,50.0
820,20200331,0.018,54.0,0.024,45.0,0.021,47.0,0.022,50.0
821,20200401,0.04,76.0,0.044,60.0,0.045,62.0,0.047,81.0
822,20200402,0.027,38.0,0.028,34.0,0.032,35.0,0.023,30.0
823,20200403,0.028,57.0,0.032,51.0,0.036,52.0,0.027,52.0
824,20200404,0.035,75.0,0.037,58.0,0.041,64.0,0.034,64.0
825,20200405,0.037,50.0,0.039,41.0,0.044,41.0,0.034,48.0
826,20200406,0.024,57.0,0.022,45.0,0.03,47.0,0.023,53.0
827,20200407,0.028,65.0,0.035,52.0,0.033,51.0,0.027,57.0
828,20200408,0.036,46.0,0.039,37.0,0.042,39.0,0.032,40.0
829,20200409,0.034,48.0,0.038,40.0,0.04,38.0,0.031,47.0
830,20200410,0.028,42.0,0.032,36.0,0.035,40.0,0.029,39.0
831,20200411,0.029,39.0,0.032,34.0,0.037,34.0,0.027,40.0
832,20200412,0.033,28.0,0.034,28.0,0.043,27.0,0.032,29.0
833,20200413,0.034,20.0,0.033,21.0,0.039,22.0,0.032,21.0
834,20200414,0.029,53.0,0.035,46.0,0.035,46.0,0.03,51.0
835,20200415,0.037,68.0,0.043,57.0,0.052,59.0,0.04,62.0
836,20200416,0.041,53.0,0.045,48.0,0.054,47.0,0.042,45.0
837,20200417,0.023,35.0,0.028,36.0,0.028,37.0,0.024,33.0
838,20200418,0.028,25.0,0.032,24.0,0.033,26.0,0.029,22.0
839,20200419,0.026,24.0,0.028,21.0,0.03,22.0,0.026,22.0
840,20200420,0.033,14.0,0.035,13.0,0.039,13.0,0.029,15.0
841,20200421,0.028,51.0,0.033,28.0,0.037,34.0,0.031,33.0
842,20200422,0.027,56.0,0.029,70.0,0.033,69.0,0.026,83.0
843,20200423,0.029,44.0,0.03,37.0,0.034,39.0,0.028,42.0
844,20200424,0.035,42.0,0.039,35.0,0.043,34.0,0.033,41.0
845,20200425,0.048,63.0,0.052,51.0,0.06,51.0,0.047,58.0
846,20200426,0.036,30.0,0.039,27.0,0.045,28.0,0.034,30.0
847,20200427,0.027,37.0,0.036,28.0,0.034,34.0,0.031,32.0
848,20200428,0.054,39.0,0.043,33.0,0.038,34.0,0.02,31.0
849,20200429,0.052,52.0,0.048,45.0,0.047,43.0,0.045,45.0
850,20200430,0.039,38.0,0.037,33.0,0.032,33.0,0.034,36.0
851,20200501,0.054,49.0,0.047,46.0,0.038,48.0,0.04,51.0
852,20200502,0.042,47.0,0.036,44.0,0.032,48.0,0.032,50.0
853,20200503,0.037,27.0,0.033,26.0,0.033,28.0,0.029,27.0
854,20200504,0.039,38.0,0.033,31.0,0.03,31.0,0.027,36.0
855,20200505,0.025,38.0,0.018,33.0,0.022,35.0,0.022,34.0
856,20200506,0.035,36.0,0.032,29.0,0.031,31.0,0.032,29.0
857,20200507,0.045,28.0,0.039,22.0,0.041,24.0,0.039,23.0
858,20200508,0.043,27.0,0.039,23.0,0.039,23.0,0.036,25.0
859,20200509,0.036,13.0,0.031,11.0,0.032,13.0,0.029,10.0
860,20200510,0.049,33.0,0.042,26.0,0.042,28.0,0.036,29.0
861,20200511,0.049,124.0,0.042,94.0,0.045,81.0,0.035,104.0
862,20200512,0.042,47.0,0.035,36.0,0.035,40.0,0.031,42.0
863,20200513,0.032,34.0,0.03,27.0,0.028,28.0,0.026,30.0
864,20200514,0.027,45.0,0.023,36.0,0.027,39.0,0.027,37.0
865,20200515,0.028,29.0,0.022,28.0,0.028,28.0,0.027,29.0
866,20200516,0.028,26.0,0.02,10.0,0.022,20.0,0.022,21.0
867,20200517,0.045,44.0,0.037,37.0,0.037,37.0,0.034,42.0
868,20200518,0.04,39.0,0.034,34.0,0.035,37.0,0.034,39.0
869,20200519,0.035,14.0,0.028,13.0,0.03,14.0,0.025,14.0
870,20200520,0.029,6.0,0.024,6.0,0.025,7.0,0.021,6.0
871,20200521,0.028,19.0,0.024,19.0,0.027,13.0,0.022,19.0
872,20200522,0.035,37.0,0.032,40.0,0.031,38.0,0.029,40.0
873,20200523,0.045,44.0,0.04,44.0,0.037,45.0,0.035,51.0
874,20200524,0.042,24.0,0.035,23.0,0.034,24.0,0.03,26.0
875,20200525,0.044,32.0,0.034,32.0,0.035,34.0,0.031,38.0
876,20200526,0.035,35.0,0.033,35.0,0.029,36.0,0.026,44.0
877,20200527,0.045,21.0,0.041,20.0,0.037,23.0,0.028,21.0
878,20200528,0.051,28.0,0.031,,0.044,28.0,0.039,33.0
879,20200529,0.04,35.0,0.038,31.0,0.034,35.0,0.032,34.0
880,20200530,0.055,37.0,0.053,35.0,0.05,37.0,0.047,39.0
881,20200531,0.064,39.0,0.056,38.0,0.056,38.0,0.05,41.0
882,20200601,0.049,19.0,0.041,17.0,0.036,17.0,0.037,19.0
883,20200602,0.034,23.0,0.028,22.0,0.029,23.0,0.026,24.0
884,20200603,0.06,46.0,0.053,44.0,0.048,44.0,0.044,50.0
885,20200604,0.065,50.0,0.053,40.0,0.049,53.0,0.048,48.0
886,20200605,0.061,46.0,0.047,39.0,0.048,47.0,0.047,46.0
887,20200606,0.066,51.0,0.062,50.0,0.059,53.0,0.052,54.0
888,20200607,0.063,52.0,0.053,46.0,0.052,48.0,0.049,57.0
889,20200608,0.056,43.0,0.049,38.0,0.046,40.0,0.045,45.0
890,20200609,0.05,47.0,0.047,45.0,0.037,44.0,0.046,50.0
891,20200610,0.039,43.0,0.037,41.0,0.032,44.0,0.037,46.0
892,20200611,0.039,29.0,0.033,28.0,0.03,30.0,0.03,32.0
893,20200612,0.026,44.0,0.023,43.0,0.019,43.0,0.021,48.0
894,20200613,0.066,48.0,0.063,47.0,0.056,48.0,0.056,53.0
895,20200614,0.06,35.0,0.051,35.0,0.047,37.0,0.045,39.0
896,20200615,0.053,25.0,0.044,25.0,0.041,25.0,0.039,27.0
897,20200616,0.097,51.0,0.08,53.0,0.077,53.0,0.071,57.0
898,20200617,0.063,44.0,0.056,47.0,0.051,45.0,0.049,51.0
899,20200618,0.051,32.0,0.045,33.0,0.043,34.0,0.036,37.0
900,20200619,0.051,24.0,0.04,22.0,0.033,22.0,0.036,26.0
901,20200620,0.052,37.0,0.047,36.0,0.044,38.0,0.044,40.0
902,20200621,0.057,34.0,0.053,33.0,0.049,34.0,0.048,36.0
903,20200622,0.057,38.0,0.052,39.0,0.047,43.0,0.048,42.0
904,20200623,0.052,42.0,0.044,40.0,0.036,41.0,0.04,46.0
905,20200624,0.041,27.0,0.03,27.0,0.03,28.0,0.034,31.0
906,20200625,0.032,11.0,0.021,7.0,0.025,12.0,0.024,12.0
907,20200626,0.05,20.0,0.041,20.0,0.037,21.0,0.035,23.0
908,20200627,0.051,25.0,0.042,25.0,0.042,24.0,0.039,28.0
909,20200628,0.053,29.0,0.044,28.0,0.044,29.0,0.04,31.0
910,20200629,0.04,35.0,0.032,35.0,0.034,34.0,0.03,38.0
911,20200630,0.044,8.0,0.036,8.0,0.044,12.0,0.032,10.0
912,20200701,0.029,19.0,0.028,19.0,0.025,19.0,0.022,21.0
913,20200702,0.053,42.0,0.055,49.0,0.047,46.0,0.045,50.0
914,20200703,0.041,30.0,0.035,39.0,0.035,34.0,0.037,49.0
915,20200704,0.05,20.0,0.044,20.0,0.042,21.0,0.037,22.0
916,20200705,0.061,25.0,0.053,28.0,0.051,27.0,0.048,28.0
917,20200706,0.053,25.0,0.046,24.0,0.036,25.0,0.043,28.0
918,20200707,0.04,18.0,0.037,14.0,0.03,19.0,0.036,18.0
919,20200708,0.05,31.0,0.046,30.0,0.039,30.0,0.039,34.0
920,20200709,0.048,33.0,0.049,37.0,0.042,35.0,0.039,36.0
921,20200710,0.04,14.0,0.033,15.0,0.036,23.0,0.031,16.0
922,20200711,0.042,7.0,0.037,7.0,0.036,8.0,0.033,7.0
923,20200712,0.031,13.0,0.028,12.0,0.033,11.0,0.024,14.0
924,20200713,0.029,8.0,0.023,9.0,0.023,13.0,0.026,11.0
925,20200714,0.029,5.0,0.021,7.0,0.023,7.0,0.02,7.0
926,20200715,0.025,9.0,0.021,11.0,0.019,11.0,0.016,12.0
927,20200716,0.037,29.0,0.032,27.0,0.028,28.0,0.027,31.0
928,20200717,0.041,37.0,0.036,36.0,0.031,36.0,0.032,41.0
929,20200718,0.05,40.0,0.048,41.0,0.04,39.0,0.042,45.0
930,20200719,0.033,20.0,0.026,20.0,0.03,21.0,0.026,22.0
931,20200720,0.036,18.0,0.034,18.0,0.016,17.0,0.027,21.0
932,20200721,0.055,27.0,0.051,27.0,0.04,28.0,0.04,30.0
933,20200722,0.025,24.0,0.011,26.0,0.017,24.0,0.021,26.0
934,20200723,0.03,14.0,0.023,17.0,0.017,27.0,0.024,18.0
935,20200724,0.037,4.0,0.027,5.0,0.03,7.0,0.028,4.0
936,20200725,0.028,4.0,0.02,5.0,0.019,5.0,0.018,6.0
937,20200726,0.033,9.0,0.029,9.0,0.02,4.0,0.023,9.0
938,20200727,0.019,11.0,0.017,12.0,0.021,5.0,0.015,13.0
939,20200728,0.014,11.0,0.016,12.0,0.019,13.0,0.015,13.0
940,20200729,,10.0,0.01,12.0,0.009,12.0,0.011,10.0
941,20200730,,19.0,0.025,19.0,0.021,20.0,0.022,21.0
942,20200731,0.011,26.0,0.024,23.0,0.021,25.0,0.021,27.0
943,20200801,0.01,17.0,0.009,15.0,0.007,15.0,0.008,19.0
944,20200802,0.02,12.0,0.018,12.0,0.015,12.0,0.017,13.0
945,20200803,0.017,16.0,0.015,15.0,0.013,15.0,0.015,17.0
946,20200804,0.01,36.0,0.01,39.0,0.007,35.0,0.008,39.0
947,20200805,0.005,34.0,0.005,37.0,0.004,33.0,0.006,37.0
948,20200806,0.022,16.0,0.017,16.0,0.016,16.0,0.015,18.0
949,20200807,0.02,28.0,0.019,27.0,0.019,24.0,0.016,31.0
950,20200808,0.017,14.0,0.013,14.0,0.014,13.0,0.016,15.0
951,20200809,0.015,10.0,0.012,10.0,0.013,10.0,0.016,10.0
952,20200810,0.008,12.0,0.007,13.0,0.007,14.0,0.008,13.0
953,20200811,0.027,9.0,0.024,10.0,0.017,10.0,0.021,10.0
954,20200812,0.022,22.0,0.022,22.0,0.014,24.0,0.02,24.0
955,20200813,0.029,27.0,0.027,27.0,0.02,28.0,0.024,28.0
956,20200814,0.042,34.0,0.038,34.0,0.028,35.0,0.031,35.0
957,20200815,0.042,34.0,0.043,40.0,0.031,40.0,0.035,42.0
958,20200816,0.023,23.0,0.021,23.0,0.017,23.0,0.018,25.0
959,20200817,0.033,25.0,0.029,25.0,0.021,27.0,0.026,27.0
960,20200818,0.034,36.0,0.025,34.0,0.022,36.0,0.019,36.0
961,20200819,0.012,44.0,0.02,43.0,0.014,44.0,0.018,46.0
962,20200820,0.018,39.0,0.024,37.0,0.021,38.0,0.023,40.0
963,20200821,0.009,27.0,0.01,28.0,0.011,28.0,0.01,32.0
964,20200822,0.013,15.0,0.017,17.0,0.017,17.0,0.017,17.0
965,20200823,0.023,13.0,0.032,13.0,0.028,13.0,0.03,14.0
966,20200824,0.02,25.0,0.027,24.0,0.022,25.0,0.026,27.0
967,20200825,0.019,32.0,0.029,32.0,0.022,33.0,0.026,34.0
968,20200826,0.018,23.0,0.025,22.0,0.024,26.0,0.024,25.0
969,20200827,0.02,21.0,0.029,21.0,0.028,14.0,0.027,22.0
970,20200828,0.017,24.0,0.024,23.0,0.019,22.0,0.028,25.0
971,20200829,0.01,16.0,0.014,17.0,0.013,16.0,0.014,17.0
972,20200830,0.019,16.0,0.027,14.0,0.026,14.0,0.025,16.0
973,20200831,0.016,10.0,0.019,9.0,0.02,11.0,0.018,10.0
974,20200901,0.019,16.0,0.025,16.0,0.027,20.0,0.024,16.0
975,20200902,0.008,12.0,0.009,14.0,0.009,12.0,0.01,13.0
976,20200903,0.03,13.0,0.04,14.0,0.035,14.0,0.035,13.0
977,20200904,0.032,23.0,0.042,22.0,0.037,24.0,0.039,23.0
978,20200905,0.03,28.0,0.037,29.0,0.037,28.0,0.035,30.0
979,20200906,0.022,19.0,0.028,22.0,0.029,21.0,0.028,22.0
980,20200907,0.028,5.0,0.037,5.0,0.034,7.0,0.033,5.0
981,20200908,0.035,23.0,0.046,24.0,0.04,24.0,0.04,24.0
982,20200909,0.027,26.0,0.037,27.0,0.035,26.0,0.036,27.0
983,20200910,0.028,26.0,0.038,26.0,0.033,25.0,0.036,26.0
984,20200911,0.02,24.0,0.025,25.0,0.028,26.0,0.028,24.0
985,20200912,,8.0,0.025,12.0,0.028,10.0,0.026,9.0
986,20200913,,6.0,0.025,8.0,0.026,7.0,0.024,7.0
987,20200914,,22.0,0.031,21.0,0.026,22.0,0.029,22.0
988,20200915,0.033,33.0,0.04,33.0,0.033,32.0,0.034,34.0
989,20200916,0.014,23.0,0.03,23.0,0.023,21.0,0.022,25.0
990,20200917,0.018,20.0,0.03,19.0,0.021,21.0,0.026,20.0
991,20200918,0.025,21.0,0.04,17.0,0.031,20.0,0.036,19.0
992,20200919,0.022,19.0,0.034,17.0,0.029,18.0,0.031,19.0
993,20200920,0.021,17.0,0.034,16.0,0.032,17.0,0.03,16.0
994,20200921,0.011,21.0,0.018,21.0,0.016,22.0,0.021,19.0
995,20200922,0.018,11.0,0.022,14.0,0.026,12.0,0.023,13.0
996,20200923,0.019,8.0,0.025,8.0,0.027,7.0,0.025,8.0
997,20200924,0.021,8.0,0.026,8.0,0.029,8.0,0.028,9.0
998,20200925,0.019,11.0,0.024,11.0,0.026,11.0,0.024,14.0
999,20200926,0.018,12.0,0.024,13.0,0.025,13.0,0.024,14.0
1000,20200927,0.017,12.0,0.026,13.0,0.024,13.0,0.025,12.0
1001,20200928,0.014,20.0,0.02,20.0,0.017,21.0,0.02,20.0
1002,20200929,0.015,27.0,0.023,28.0,0.022,29.0,0.027,28.0
1003,20200930,0.016,24.0,0.024,27.0,0.024,27.0,0.025,25.0
1004,20201001,0.025,15.0,0.035,15.0,0.034,15.0,0.033,16.0
1005,20201002,0.029,22.0,0.044,21.0,0.039,22.0,0.04,23.0
1006,20201003,0.023,34.0,0.04,32.0,0.035,33.0,0.035,34.0
1007,20201004,0.024,26.0,0.041,22.0,0.034,24.0,0.036,25.0
1008,20201005,0.017,21.0,0.024,19.0,0.021,21.0,0.022,21.0
1009,20201006,0.013,20.0,0.022,19.0,0.02,21.0,0.022,21.0
1010,20201007,0.014,18.0,0.015,20.0,0.016,21.0,0.019,20.0
1011,20201008,0.018,11.0,0.02,15.0,0.023,14.0,0.023,13.0
1012,20201009,0.026,14.0,0.032,15.0,0.035,15.0,0.033,15.0
1013,20201010,0.022,15.0,0.029,16.0,0.031,16.0,0.03,16.0
1014,20201011,0.018,19.0,0.027,19.0,0.028,19.0,0.025,20.0
1015,20201012,0.015,32.0,0.021,30.0,0.018,31.0,0.022,32.0
1016,20201013,0.011,26.0,0.021,23.0,0.018,24.0,0.018,26.0
1017,20201014,0.012,30.0,0.016,28.0,0.015,30.0,0.016,31.0
1018,20201015,0.011,30.0,0.016,28.0,0.013,30.0,0.017,32.0
1019,20201016,0.003,33.0,0.006,31.0,0.005,34.0,0.006,33.0
1020,20201017,0.012,26.0,0.02,28.0,0.017,29.0,0.017,30.0
1021,20201018,0.017,25.0,0.025,25.0,0.022,25.0,0.027,26.0
1022,20201019,0.018,45.0,0.027,49.0,0.025,48.0,0.026,57.0
1023,20201020,0.012,46.0,0.019,52.0,0.017,53.0,0.025,56.0
1024,20201021,0.008,35.0,0.008,38.0,0.007,40.0,0.012,38.0
1025,20201022,0.015,51.0,0.02,58.0,0.019,59.0,0.02,66.0
1026,20201023,0.018,24.0,0.023,22.0,0.022,21.0,0.022,24.0
1027,20201024,0.016,24.0,0.024,23.0,0.02,22.0,0.021,23.0
1028,20201025,0.011,26.0,0.02,26.0,0.016,26.0,0.018,27.0
1029,20201026,0.013,46.0,0.022,46.0,0.019,47.0,0.016,46.0
1030,20201027,0.014,70.0,0.026,71.0,0.019,69.0,0.023,76.0
1031,20201028,0.013,52.0,0.029,42.0,0.024,44.0,0.02,51.0
1032,20201029,0.01,32.0,0.017,33.0,0.012,34.0,0.018,36.0
1033,20201030,0.008,36.0,0.011,40.0,0.014,39.0,0.017,39.0
1034,20201031,0.015,25.0,0.023,25.0,0.021,24.0,0.02,27.0
1035,20201101,0.011,36.0,0.024,43.0,0.02,39.0,0.021,45.0
1036,20201102,0.01,40.0,0.016,39.0,0.014,40.0,0.016,42.0
1037,20201103,0.018,21.0,0.025,19.0,0.022,18.0,0.023,20.0
1038,20201104,0.016,27.0,0.021,26.0,0.018,25.0,0.021,26.0
1039,20201105,0.005,34.0,0.009,33.0,0.007,34.0,0.01,33.0
1040,20201106,0.004,39.0,0.006,41.0,0.005,40.0,0.007,43.0
1041,20201107,0.018,77.0,0.031,76.0,0.025,74.0,0.028,82.0
1042,20201108,0.017,53.0,0.026,50.0,0.022,47.0,0.023,52.0
1043,20201109,0.01,25.0,0.015,22.0,0.013,23.0,0.013,24.0
1044,20201110,0.008,26.0,0.012,25.0,0.012,25.0,0.012,25.0
1045,20201111,0.005,36.0,0.007,38.0,0.006,37.0,0.01,37.0
1046,20201112,0.005,53.0,0.009,56.0,0.006,57.0,0.008,59.0
1047,20201113,0.006,71.0,0.013,66.0,0.008,73.0,0.006,79.0
1048,20201114,0.009,59.0,0.017,60.0,0.012,65.0,0.015,66.0
1049,20201115,0.012,64.0,0.019,65.0,0.016,64.0,0.019,70.0
1050,20201116,0.01,59.0,0.011,63.0,0.012,65.0,0.02,62.0
1051,20201117,0.013,56.0,0.015,58.0,0.018,56.0,0.021,61.0
1052,20201118,0.007,35.0,0.005,43.0,0.009,40.0,0.014,40.0
1053,20201119,0.014,17.0,0.018,17.0,0.027,16.0,0.017,20.0
1054,20201120,0.014,21.0,0.02,16.0,0.021,19.0,0.017,21.0
1055,20201121,0.008,23.0,0.009,24.0,0.013,23.0,0.012,24.0
1056,20201122,0.014,23.0,0.021,24.0,0.023,23.0,0.018,24.0
1057,20201123,0.011,24.0,0.018,21.0,0.017,22.0,0.014,24.0
1058,20201124,0.005,27.0,0.005,25.0,0.006,25.0,0.007,27.0
1059,20201125,0.004,36.0,0.006,37.0,0.006,38.0,0.004,39.0
1060,20201126,0.005,49.0,0.01,52.0,0.008,53.0,0.007,54.0
1061,20201127,0.011,38.0,0.017,37.0,0.018,37.0,0.013,41.0
1062,20201128,0.016,20.0,0.022,19.0,0.023,19.0,0.019,21.0
1063,20201129,0.014,22.0,0.02,21.0,0.02,22.0,0.017,24.0
1064,20201130,0.01,19.0,0.015,24.0,0.016,24.0,0.015,26.0
1065,20201201,0.01,29.0,0.01,31.0,0.012,29.0,0.014,29.0
1066,20201202,0.009,30.0,0.014,29.0,0.018,28.0,0.011,33.0
1067,20201203,0.017,24.0,0.024,22.0,0.026,23.0,0.021,24.0
1068,20201204,0.01,30.0,0.017,27.0,0.015,28.0,0.014,31.0
1069,20201205,0.006,33.0,0.01,32.0,0.01,33.0,0.007,36.0
1070,20201206,0.008,41.0,0.013,43.0,0.012,40.0,0.011,46.0
1071,20201207,0.013,46.0,0.019,48.0,0.022,47.0,0.017,52.0
1072,20201208,0.012,23.0,0.02,20.0,0.021,20.0,0.017,23.0
1073,20201209,0.002,36.0,0.004,36.0,0.006,34.0,0.005,38.0
1074,20201210,0.004,56.0,0.008,61.0,0.008,58.0,0.005,65.0
1075,20201211,0.006,92.0,0.011,99.0,0.01,96.0,0.007,109.0
1076,20201212,0.015,51.0,0.021,48.0,0.024,46.0,0.018,56.0
1077,20201213,0.012,35.0,0.017,32.0,0.02,33.0,0.017,36.0
1078,20201214,0.018,25.0,0.022,18.0,0.025,16.0,0.019,19.0
1079,20201215,0.017,16.0,0.022,16.0,0.025,15.0,0.019,16.0
1080,20201216,0.017,19.0,0.021,19.0,0.023,19.0,0.017,21.0
1081,20201217,0.006,28.0,0.01,29.0,0.01,25.0,0.009,28.0
1082,20201218,0.011,31.0,0.014,30.0,0.016,30.0,0.013,34.0
1083,20201219,0.016,22.0,0.021,22.0,0.021,22.0,0.018,22.0
1084,20201220,0.014,24.0,0.018,22.0,0.021,22.0,0.016,25.0
1085,20201221,0.004,35.0,0.006,34.0,0.006,34.0,0.005,37.0
1086,20201222,0.005,45.0,0.008,47.0,0.011,46.0,0.007,51.0
1087,20201223,0.008,62.0,0.013,64.0,0.011,64.0,0.01,71.0
1088,20201224,0.017,56.0,0.023,56.0,0.024,56.0,0.02,62.0
1089,20201225,0.016,25.0,0.022,24.0,0.024,24.0,0.018,26.0
1090,20201226,0.005,50.0,0.008,49.0,0.011,47.0,0.007,55.0
1091,20201227,0.009,61.0,0.011,59.0,0.015,59.0,0.013,63.0
1092,20201228,0.005,59.0,0.007,60.0,0.008,57.0,0.006,66.0
1093,20201229,0.009,58.0,0.012,58.0,0.012,58.0,0.011,62.0
1094,20201230,0.017,32.0,0.022,29.0,0.022,29.0,0.019,31.0
1095,20201231,0.013,24.0,0.019,21.0,0.021,22.0,0.015,24.0
1096,20210101,0.011,25.0,0.016,23.0,0.024,22.0,0.013,26.0
1097,20210102,0.02,29.0,0.025,27.0,0.031,27.0,0.022,31.0
1098,20210103,0.014,35.0,0.022,30.0,0.025,30.0,0.015,36.0
1099,20210104,0.007,34.0,0.007,33.0,0.01,34.0,0.012,37.0
1100,20210105,0.018,23.0,0.02,27.0,0.026,23.0,0.021,25.0
1101,20210106,0.012,23.0,0.017,20.0,0.021,21.0,0.015,23.0
1102,20210107,0.018,29.0,0.024,31.0,0.027,33.0,0.02,28.0
1103,20210108,0.017,17.0,0.023,16.0,0.028,17.0,0.02,18.0
1104,20210109,0.015,24.0,0.021,21.0,0.024,22.0,0.018,24.0
1105,20210110,0.008,31.0,0.01,29.0,0.018,28.0,0.013,31.0
1106,20210111,0.003,38.0,0.006,38.0,0.002,37.0,0.008,39.0
1107,20210112,0.002,55.0,0.003,55.0,0.003,55.0,0.003,60.0
1108,20210113,0.006,88.0,0.007,92.0,0.008,88.0,0.006,97.0
1109,20210114,0.008,74.0,0.01,67.0,0.01,69.0,0.012,74.0
1110,20210115,0.007,69.0,0.011,70.0,0.011,68.0,0.008,77.0
1111,20210116,0.017,49.0,0.024,46.0,0.025,47.0,0.019,51.0
1112,20210117,0.018,19.0,0.024,18.0,0.026,18.0,0.019,21.0
1113,20210118,0.013,32.0,0.01,25.0,0.021,30.0,0.016,33.0
1114,20210119,0.01,29.0,0.011,29.0,0.012,28.0,0.011,28.0
1115,20210120,0.005,28.0,0.006,40.0,0.005,39.0,0.007,39.0
1116,20210121,0.003,40.0,0.003,42.0,0.002,46.0,0.004,45.0
1117,20210122,0.005,27.0,0.005,40.0,0.004,34.0,0.005,37.0
1118,20210123,0.02,7.0,0.017,13.0,0.03,10.0,0.021,10.0
1119,20210124,0.017,12.0,0.021,9.0,0.021,12.0,0.02,12.0
1120,20210125,0.006,19.0,0.008,22.0,0.007,22.0,0.01,18.0
1121,20210126,0.006,29.0,0.009,34.0,0.01,31.0,0.008,32.0
1122,20210127,0.015,37.0,0.021,34.0,0.021,33.0,0.016,35.0
1123,20210128,0.006,34.0,0.018,29.0,0.019,28.0,0.017,30.0
1124,20210129,0.021,24.0,0.026,20.0,0.028,20.0,0.023,21.0
1125,20210130,0.009,43.0,0.013,40.0,0.013,42.0,0.011,43.0
1126,20210131,0.008,47.0,0.009,47.0,0.01,48.0,0.012,49.0
1127,20210201,0.012,61.0,0.017,63.0,0.017,60.0,0.015,68.0
1128,20210202,0.022,31.0,0.03,29.0,0.031,29.0,0.025,29.0
1129,20210203,0.014,28.0,0.019,28.0,0.021,29.0,0.016,32.0
1130,20210204,0.016,24.0,0.026,22.0,0.025,23.0,0.022,23.0
1131,20210205,0.007,25.0,0.012,25.0,0.011,23.0,0.01,26.0
1132,20210206,0.015,55.0,0.022,59.0,0.025,58.0,0.022,64.0
1133,20210207,0.023,77.0,0.034,74.0,0.037,76.0,0.027,84.0
1134,20210208,0.019,26.0,0.025,27.0,0.029,24.0,0.023,26.0
1135,20210209,0.012,22.0,0.019,21.0,0.018,22.0,0.017,25.0
1136,20210210,0.01,32.0,0.015,33.0,0.014,31.0,0.012,34.0
1137,20210211,0.012,60.0,0.017,66.0,0.02,65.0,0.018,64.0
1138,20210212,0.015,69.0,0.02,80.0,0.021,77.0,0.02,75.0
1139,20210213,0.014,79.0,0.02,86.0,0.018,85.0,0.024,84.0
1140,20210214,0.013,84.0,0.018,85.0,0.017,93.0,0.021,85.0
1141,20210215,0.019,52.0,0.024,56.0,0.028,52.0,0.02,57.0
1142,20210216,0.019,22.0,0.028,22.0,0.028,22.0,0.024,22.0
1143,20210217,0.021,41.0,0.027,37.0,0.03,35.0,0.024,35.0
1144,20210218,0.019,37.0,0.027,38.0,0.029,36.0,0.022,37.0
1145,20210219,0.015,41.0,0.024,44.0,0.025,41.0,0.018,45.0
1146,20210220,0.02,61.0,0.024,68.0,0.026,66.0,0.023,68.0
1147,20210221,,63.0,0.028,69.0,0.034,65.0,0.025,69.0
1148,20210222,,51.0,0.025,55.0,0.033,51.0,0.026,53.0
1149,20210223,,44.0,0.031,46.0,0.034,43.0,0.028,43.0
1150,20210224,,48.0,0.016,46.0,0.017,44.0,0.015,47.0
1151,20210225,0.005,56.0,0.004,49.0,0.003,51.0,0.005,51.0
1152,20210226,0.019,33.0,0.016,36.0,0.021,33.0,0.018,34.0
1153,20210227,0.034,15.0,0.032,17.0,0.043,14.0,0.034,16.0
1154,20210228,0.018,23.0,0.019,23.0,0.022,21.0,0.019,23.0
1155,20210301,0.026,14.0,0.019,18.0,0.026,23.0,0.005,60.0
1156,20210302,0.027,8.0,0.025,10.0,0.031,,0.024,9.0
1157,20210303,0.011,32.0,0.004,23.0,0.012,36.0,0.01,35.0
1158,20210304,0.008,41.0,0.007,45.0,0.009,45.0,0.01,43.0
1159,20210305,0.015,33.0,0.017,38.0,0.018,37.0,0.015,37.0
1160,20210306,0.023,23.0,0.023,28.0,0.029,26.0,0.024,28.0
1161,20210307,0.031,20.0,0.031,22.0,0.042,,0.029,22.0
1162,20210308,0.017,37.0,0.022,38.0,0.019,37.0,0.022,38.0
1163,20210309,0.016,48.0,0.021,44.0,0.02,49.0,0.018,48.0
1164,20210310,0.017,90.0,0.02,85.0,0.019,96.0,0.018,93.0
1165,20210311,0.02,120.0,0.023,112.0,0.024,121.0,0.019,130.0
1166,20210312,0.024,70.0,0.025,63.0,0.031,67.0,0.027,68.0
1167,20210313,0.032,52.0,0.034,54.0,0.038,55.0,0.032,55.0
1168,20210314,0.025,76.0,0.03,77.0,0.031,82.0,0.024,84.0
1169,20210315,0.007,93.0,0.03,88.0,0.032,85.0,0.026,97.0
1170,20210316,0.035,83.0,0.042,65.0,0.04,73.0,0.033,85.0
1171,20210317,0.023,91.0,0.023,90.0,0.026,89.0,0.024,91.0
1172,20210318,0.016,98.0,0.02,94.0,0.02,97.0,0.018,94.0
1173,20210319,0.029,59.0,0.033,62.0,0.034,64.0,0.031,55.0
1174,20210320,0.026,27.0,0.027,27.0,0.03,26.0,0.026,26.0
1175,20210321,0.037,42.0,0.038,43.0,0.043,42.0,0.035,43.0
1176,20210322,0.029,36.0,0.03,36.0,0.033,36.0,0.027,36.0
1177,20210323,0.027,75.0,0.028,75.0,0.031,73.0,0.025,74.0
1178,20210324,0.033,59.0,0.037,62.0,0.041,73.0,0.035,61.0
1179,20210325,0.034,59.0,0.033,66.0,0.044,63.0,0.031,66.0
1180,20210326,0.019,92.0,0.019,96.0,0.02,107.0,0.019,96.0
1181,20210327,0.019,56.0,0.014,62.0,0.02,59.0,0.018,57.0
1182,20210328,0.032,17.0,0.029,19.0,0.031,10.0,0.025,19.0
1183,20210329,0.029,265.0,0.029,261.0,0.032,262.0,0.026,246.0
1184,20210330,0.022,125.0,0.026,129.0,0.027,134.0,0.021,123.0
1185,20210331,0.016,39.0,0.02,40.0,0.018,39.0,0.021,38.0
1186,20210401,0.022,34.0,0.031,42.0,0.002,44.0,0.035,41.0
1187,20210402,0.032,46.0,0.035,45.0,0.04,44.0,0.033,44.0
1188,20210403,0.029,29.0,0.018,35.0,0.032,32.0,0.023,28.0
1189,20210404,0.039,10.0,0.036,9.0,0.048,9.0,0.034,10.0
1190,20210405,0.034,19.0,0.033,20.0,0.042,19.0,0.029,18.0
1191,20210406,0.033,39.0,0.04,37.0,0.04,39.0,0.034,37.0
1192,20210407,0.035,51.0,0.036,51.0,0.04,52.0,0.034,51.0
1193,20210408,0.036,32.0,0.04,32.0,0.044,33.0,0.036,30.0
1194,20210409,0.04,31.0,0.042,31.0,0.048,31.0,0.039,30.0
1195,20210410,0.041,32.0,0.043,32.0,0.05,32.0,0.04,33.0
1196,20210411,0.038,47.0,0.042,44.0,0.047,44.0,0.042,44.0
1197,20210412,0.027,34.0,0.024,50.0,0.032,35.0,0.03,32.0
1198,20210413,0.034,14.0,0.034,13.0,0.036,5.0,0.02,5.0
1199,20210414,0.035,26.0,0.038,26.0,0.042,24.0,0.031,26.0
1200,20210415,0.034,44.0,0.039,45.0,0.043,43.0,0.033,45.0
1201,20210416,0.026,72.0,0.031,71.0,0.031,29.0,0.029,30.0
1202,20210417,0.022,73.0,0.024,72.0,0.025,72.0,0.021,68.0
1203,20210418,0.033,29.0,0.034,30.0,0.035,29.0,0.03,29.0
1204,20210419,0.042,45.0,0.044,47.0,0.046,44.0,0.04,48.0
1205,20210420,0.042,66.0,0.046,67.0,0.05,62.0,0.046,67.0
1206,20210421,0.045,75.0,0.053,74.0,0.054,73.0,0.049,71.0
1207,20210422,0.05,83.0,0.066,71.0,0.068,70.0,0.059,73.0
1208,20210423,0.038,42.0,0.045,50.0,0.05,42.0,0.039,39.0
1209,20210424,0.037,22.0,0.042,21.0,0.049,22.0,0.039,21.0
1210,20210425,0.033,23.0,0.036,23.0,0.045,22.0,0.035,21.0
1211,20210426,0.04,26.0,0.044,26.0,0.05,24.0,0.039,25.0
1212,20210427,0.032,30.0,0.042,28.0,0.045,28.0,0.031,30.0
1213,20210428,0.033,57.0,0.031,62.0,0.04,56.0,0.022,92.0
1214,20210429,0.032,61.0,0.032,63.0,0.038,63.0,0.03,60.0
1215,20210430,0.04,33.0,0.044,33.0,0.058,25.0,0.042,26.0
1216,20210501,0.036,24.0,0.038,23.0,0.045,23.0,0.034,25.0
1217,20210502,0.038,14.0,0.04,14.0,0.046,15.0,0.036,14.0
1218,20210503,0.035,29.0,0.039,31.0,0.043,29.0,0.033,30.0
1219,20210504,0.015,27.0,0.011,31.0,0.017,28.0,0.016,30.0
1220,20210505,0.041,41.0,0.039,42.0,0.047,39.0,0.034,41.0
1221,20210506,0.037,67.0,0.039,67.0,0.047,65.0,0.037,65.0
1222,20210507,0.027,342.0,0.029,349.0,0.036,346.0,0.03,339.0
1223,20210508,0.033,465.0,0.034,463.0,0.04,456.0,0.031,455.0
1224,20210509,0.039,53.0,0.042,49.0,0.047,51.0,0.038,46.0
1225,20210510,0.017,20.0,0.019,22.0,0.022,20.0,0.019,20.0
1226,20210511,0.033,18.0,0.029,20.0,0.039,19.0,0.031,26.0
1227,20210512,0.036,23.0,0.042,22.0,0.054,23.0,0.039,21.0
1228,20210513,0.045,40.0,0.044,46.0,0.052,41.0,0.035,39.0
1229,20210514,0.04,58.0,0.042,60.0,0.054,54.0,0.039,59.0
1230,20210515,0.027,46.0,0.023,54.0,0.033,48.0,0.02,51.0
1231,20210516,0.028,6.0,0.023,8.0,0.03,5.0,0.021,5.0
1232,20210517,0.021,9.0,0.016,16.0,0.023,10.0,0.016,14.0
1233,20210518,0.026,26.0,0.026,27.0,0.027,26.0,0.025,25.0
1234,20210519,0.042,34.0,0.045,32.0,0.048,30.0,0.043,30.0
1235,20210520,0.036,24.0,0.033,24.0,0.041,24.0,0.034,22.0
1236,20210521,0.032,13.0,0.035,15.0,0.038,14.0,0.028,14.0
1237,20210522,0.042,25.0,0.042,28.0,0.048,24.0,0.036,26.0
1238,20210523,0.052,32.0,0.05,36.0,0.063,29.0,0.047,32.0
1239,20210524,0.044,120.0,0.043,127.0,0.048,117.0,0.04,126.0
1240,20210525,0.045,103.0,0.042,102.0,0.052,100.0,0.04,98.0
1241,20210526,0.039,44.0,0.042,45.0,0.05,42.0,0.037,44.0
1242,20210527,0.04,40.0,0.041,43.0,0.046,38.0,0.037,41.0
1243,20210528,0.038,36.0,0.037,40.0,0.046,36.0,0.036,37.0
1244,20210529,0.035,21.0,0.035,19.0,0.042,21.0,0.033,18.0
1245,20210530,0.04,24.0,0.04,26.0,0.049,24.0,0.036,23.0
1246,20210531,0.042,33.0,0.037,36.0,0.051,32.0,0.036,32.0
1247,20210601,0.032,40.0,0.029,40.0,0.036,38.0,0.028,39.0
1248,20210602,0.047,48.0,0.046,53.0,0.053,48.0,0.045,50.0
1249,20210603,0.027,34.0,0.03,33.0,0.033,32.0,0.027,34.0
1250,20210604,0.049,26.0,0.052,28.0,0.052,24.0,0.044,26.0
1251,20210605,0.058,42.0,0.062,45.0,0.062,41.0,0.055,41.0
1252,20210606,0.07,59.0,0.072,63.0,0.076,57.0,0.066,62.0
1253,20210607,0.032,37.0,0.037,38.0,0.037,35.0,0.033,37.0
1254,20210608,0.039,35.0,0.04,43.0,0.041,39.0,0.025,33.0
1255,20210609,0.057,40.0,0.054,44.0,0.06,40.0,0.053,38.0
1256,20210610,0.05,49.0,0.048,56.0,0.05,50.0,0.049,51.0
1257,20210611,0.04,21.0,0.042,22.0,0.038,21.0,0.037,22.0
1258,20210612,0.033,18.0,0.035,22.0,0.035,22.0,0.031,19.0
1259,20210613,0.039,30.0,0.04,33.0,0.04,32.0,0.038,35.0
1260,20210614,0.046,37.0,0.045,43.0,0.045,38.0,0.043,39.0
1261,20210615,0.024,25.0,0.023,30.0,0.027,25.0,0.023,34.0
1262,20210616,0.034,11.0,0.033,13.0,0.038,10.0,0.031,11.0
1263,20210617,0.029,16.0,0.03,19.0,0.031,17.0,0.027,18.0
1264,20210618,0.028,18.0,0.033,18.0,0.028,17.0,0.026,18.0
1265,20210619,0.056,39.0,0.061,44.0,0.063,40.0,0.058,40.0
1266,20210620,0.052,49.0,0.065,55.0,0.06,48.0,0.055,56.0
1267,20210621,0.049,40.0,0.053,44.0,0.051,39.0,0.048,42.0
1268,20210622,0.034,19.0,0.044,22.0,0.04,20.0,0.037,21.0
1269,20210623,0.035,16.0,0.041,19.0,0.041,16.0,0.035,16.0
1270,20210624,0.036,29.0,0.048,31.0,0.04,30.0,0.043,29.0
1271,20210625,0.035,38.0,0.046,39.0,0.042,36.0,0.044,41.0
1272,20210626,0.033,20.0,0.043,22.0,0.04,20.0,0.04,22.0
1273,20210627,0.039,20.0,0.046,22.0,0.048,19.0,0.045,20.0
1274,20210628,0.029,23.0,0.036,25.0,0.033,24.0,0.038,23.0
1275,20210629,0.03,30.0,0.038,31.0,0.035,30.0,0.035,32.0
1276,20210630,0.028,34.0,0.033,39.0,0.03,36.0,0.035,39.0
1277,20210701,0.04,30.0,0.046,36.0,0.045,34.0,0.046,34.0
1278,20210702,0.033,23.0,0.038,27.0,0.042,23.0,0.036,24.0
1279,20210703,0.026,12.0,0.033,13.0,0.032,12.0,0.034,12.0
1280,20210704,0.025,8.0,0.027,9.0,0.026,7.0,0.03,10.0
1281,20210705,0.032,18.0,0.04,23.0,0.036,20.0,0.036,20.0
1282,20210706,0.05,39.0,0.055,47.0,0.052,41.0,0.066,42.0
1283,20210707,0.034,28.0,0.042,34.0,0.04,28.0,0.038,31.0
1284,20210708,0.033,23.0,0.025,25.0,0.034,21.0,0.037,29.0
1285,20210709,0.036,16.0,0.035,17.0,0.033,17.0,0.038,18.0
1286,20210710,0.041,24.0,0.048,25.0,0.043,25.0,0.051,27.0
1287,20210711,0.045,31.0,0.05,30.0,0.047,30.0,0.053,33.0
1288,20210712,0.042,27.0,0.048,28.0,0.047,27.0,0.052,29.0
1289,20210713,0.035,33.0,0.038,34.0,0.033,32.0,0.043,37.0
1290,20210714,0.025,24.0,0.028,25.0,0.024,23.0,0.03,26.0
1291,20210715,0.028,21.0,0.03,20.0,0.029,20.0,0.032,22.0
1292,20210716,0.03,17.0,0.038,17.0,0.037,20.0,0.034,23.0
1293,20210717,0.026,14.0,0.03,13.0,0.034,14.0,0.03,16.0
1294,20210718,0.034,11.0,0.04,12.0,0.04,12.0,0.038,14.0
1295,20210719,0.024,13.0,0.027,13.0,0.025,14.0,0.029,15.0
1296,20210720,0.03,17.0,0.034,18.0,0.033,19.0,0.032,18.0
1297,20210721,0.026,19.0,0.033,20.0,0.033,18.0,0.033,19.0
1298,20210722,0.033,21.0,0.04,21.0,0.039,22.0,0.039,25.0
1299,20210723,0.039,27.0,0.046,25.0,0.044,27.0,0.044,27.0
1300,20210724,0.043,23.0,0.043,22.0,0.041,25.0,0.043,24.0
1301,20210725,0.045,22.0,0.044,20.0,0.043,20.0,0.044,24.0
1302,20210726,0.046,21.0,0.044,19.0,0.043,20.0,0.045,25.0
1303,20210727,0.048,26.0,0.047,25.0,0.046,27.0,0.044,26.0
1304,20210728,0.067,33.0,0.062,31.0,0.063,32.0,0.066,34.0
1305,20210729,0.06,47.0,0.053,44.0,0.051,45.0,0.062,48.0
1306,20210730,0.049,31.0,0.047,27.0,0.043,28.0,0.05,33.0
1307,20210731,0.05,22.0,0.047,22.0,0.044,23.0,0.05,26.0
1308,20210801,0.044,27.0,0.043,27.0,0.044,26.0,0.044,28.0
1309,20210802,0.032,13.0,0.032,13.0,0.029,13.0,0.032,14.0
1310,20210803,0.029,19.0,0.03,18.0,0.026,18.0,0.029,21.0
1311,20210804,0.028,25.0,0.026,24.0,0.022,22.0,0.029,28.0
1312,20210805,0.029,25.0,0.032,23.0,0.03,23.0,0.034,27.0
1313,20210806,0.025,18.0,0.025,17.0,0.024,18.0,0.027,18.0
1314,20210807,0.041,17.0,0.036,15.0,0.035,15.0,0.04,19.0
1315,20210808,0.032,16.0,0.03,18.0,0.032,16.0,0.032,17.0
1316,20210809,0.042,10.0,0.037,11.0,0.037,11.0,0.039,12.0
1317,20210810,0.046,18.0,0.042,17.0,0.04,17.0,0.048,20.0
1318,20210811,0.062,32.0,0.055,32.0,0.053,33.0,0.06,34.0
1319,20210812,0.054,36.0,0.049,36.0,0.052,36.0,0.045,38.0
1320,20210813,0.032,26.0,0.026,26.0,0.03,25.0,0.028,27.0
1321,20210814,0.041,14.0,0.035,13.0,0.036,13.0,0.036,15.0
1322,20210815,0.041,12.0,0.038,11.0,0.038,10.0,0.037,12.0
1323,20210816,0.042,19.0,0.041,18.0,0.038,18.0,0.039,19.0
1324,20210817,0.04,15.0,0.035,15.0,0.034,14.0,0.036,15.0
1325,20210818,0.04,11.0,0.033,11.0,0.034,12.0,0.035,12.0
1326,20210819,0.043,14.0,0.038,14.0,0.038,14.0,0.039,15.0
1327,20210820,0.049,19.0,0.047,18.0,0.044,17.0,0.047,20.0
1328,20210821,0.043,14.0,0.039,14.0,0.036,13.0,0.041,15.0
1329,20210822,0.054,24.0,0.05,23.0,0.046,22.0,0.05,25.0
1330,20210823,0.025,26.0,0.021,26.0,0.021,26.0,0.028,26.0
1331,20210824,0.025,12.0,0.022,13.0,0.024,13.0,0.025,12.0
1332,20210825,0.029,18.0,0.028,17.0,0.029,16.0,0.03,18.0
1333,20210826,0.036,39.0,0.038,39.0,0.037,38.0,0.039,41.0
1334,20210827,0.031,33.0,0.03,31.0,0.029,31.0,0.028,36.0
1335,20210828,0.042,34.0,0.038,32.0,0.038,32.0,0.041,34.0
1336,20210829,0.046,31.0,0.044,29.0,0.044,28.0,0.045,33.0
1337,20210830,0.037,39.0,0.041,36.0,0.035,38.0,0.036,40.0
1338,20210831,0.028,30.0,0.023,29.0,0.028,29.0,0.029,29.0
1339,20210901,0.038,7.0,0.03,6.0,0.037,7.0,0.036,6.0
1340,20210902,0.038,13.0,0.035,13.0,0.043,12.0,0.04,13.0
1341,20210903,0.03,16.0,0.034,13.0,0.038,13.0,0.035,14.0
1342,20210904,0.033,9.0,0.035,10.0,0.04,9.0,0.037,9.0
1343,20210905,0.033,10.0,0.036,10.0,0.041,9.0,0.039,10.0
1344,20210906,0.031,16.0,0.034,15.0,0.037,15.0,0.04,16.0
1345,20210907,0.019,9.0,0.017,9.0,0.019,10.0,0.025,8.0
1346,20210908,0.027,10.0,0.031,10.0,0.029,10.0,0.033,10.0
1347,20210909,0.021,23.0,0.029,26.0,0.027,25.0,0.027,25.0
1348,20210910,0.032,29.0,0.036,29.0,0.035,29.0,0.039,28.0
1349,20210911,0.039,32.0,0.045,28.0,0.049,30.0,0.051,32.0
1350,20210912,0.036,24.0,0.04,19.0,0.044,21.0,0.047,20.0
1351,20210913,0.024,24.0,0.034,25.0,0.038,25.0,0.039,25.0
1352,20210914,0.026,20.0,0.031,20.0,0.036,18.0,0.035,19.0
1353,20210915,0.033,14.0,0.032,12.0,0.039,14.0,0.04,13.0
1354,20210916,0.028,12.0,0.03,12.0,0.035,13.0,0.031,12.0
1355,20210917,0.027,11.0,0.029,12.0,0.033,13.0,0.03,11.0
1356,20210918,0.027,10.0,0.034,11.0,0.032,11.0,0.035,10.0
1357,20210919,0.027,11.0,0.032,10.0,0.034,12.0,0.033,10.0
1358,20210920,0.033,11.0,0.037,11.0,0.039,12.0,0.039,11.0
1359,20210921,0.038,17.0,0.044,16.0,0.045,17.0,0.047,18.0
1360,20210922,0.041,13.0,0.046,11.0,0.048,13.0,0.049,13.0
1361,20210923,0.035,15.0,0.039,15.0,0.038,17.0,0.042,15.0
1362,20210924,0.023,17.0,0.028,16.0,0.031,18.0,0.027,16.0
1363,20210925,0.018,8.0,0.019,8.0,0.023,9.0,0.02,8.0
1364,20210926,0.026,7.0,0.03,6.0,0.033,8.0,0.03,7.0
1365,20210927,0.023,10.0,0.03,9.0,0.03,11.0,0.028,9.0
1366,20210928,0.018,12.0,0.022,11.0,0.022,14.0,0.025,11.0
1367,20210929,0.016,13.0,0.019,13.0,0.016,16.0,0.021,13.0
1368,20210930,0.017,20.0,0.012,14.0,0.018,24.0,0.021,19.0
1369,20211001,0.007,28.0,0.035,34.0,0.03,37.0,0.038,32.0
1370,20211002,0.033,27.0,0.042,26.0,0.043,28.0,0.045,26.0
1371,20211003,0.032,37.0,0.035,36.0,0.037,39.0,0.044,36.0
1372,20211004,0.018,40.0,0.023,38.0,0.023,40.0,0.026,38.0
1373,20211005,0.03,40.0,0.038,37.0,0.033,41.0,0.035,37.0
1374,20211006,0.016,6.0,0.016,7.0,0.019,11.0,0.021,6.0
1375,20211007,0.015,15.0,0.012,8.0,0.015,16.0,0.017,14.0
1376,20211008,0.006,22.0,0.007,21.0,0.009,23.0,0.009,20.0
1377,20211009,0.016,9.0,0.013,13.0,0.018,15.0,0.02,10.0
1378,20211010,0.02,21.0,0.023,20.0,0.023,22.0,0.026,20.0
1379,20211011,0.023,26.0,0.025,25.0,0.027,28.0,0.028,26.0
1380,20211012,0.027,12.0,0.027,13.0,0.033,14.0,0.034,12.0
1381,20211013,0.024,13.0,0.024,14.0,0.028,15.0,0.031,13.0
1382,20211014,0.025,20.0,0.029,21.0,0.028,22.0,0.035,20.0
1383,20211015,0.022,21.0,0.029,24.0,0.027,27.0,0.024,22.0
1384,20211016,0.029,29.0,0.033,28.0,0.031,29.0,0.036,28.0
1385,20211017,0.028,20.0,0.031,20.0,0.03,20.0,0.033,19.0
1386,20211018,0.013,23.0,0.014,24.0,0.016,26.0,0.018,20.0
1387,20211019,0.022,26.0,0.024,25.0,0.021,21.0,0.033,34.0
1388,20211020,0.015,27.0,0.017,27.0,0.014,33.0,0.02,26.0
1389,20211021,0.006,24.0,0.015,32.0,0.017,34.0,0.023,29.0
1390,20211022,0.015,33.0,0.018,35.0,0.013,40.0,0.024,32.0
1391,20211023,0.014,34.0,0.018,37.0,0.015,38.0,0.019,34.0
1392,20211024,0.022,30.0,0.027,28.0,0.025,30.0,0.029,28.0
1393,20211025,0.019,28.0,0.021,27.0,0.019,30.0,0.026,27.0
1394,20211026,0.016,41.0,0.015,33.0,0.017,43.0,0.019,37.0
1395,20211027,0.018,44.0,0.024,49.0,0.022,46.0,0.023,49.0
1396,20211028,0.013,27.0,0.013,29.0,0.015,32.0,0.021,26.0
1397,20211029,0.021,22.0,0.021,23.0,0.026,24.0,0.027,20.0
1398,20211030,0.012,22.0,0.012,24.0,0.014,23.0,0.017,20.0
1399,20211031,0.022,29.0,0.027,28.0,0.025,30.0,0.028,28.0
1400,20211101,0.017,33.0,0.031,32.0,0.024,34.0,0.025,35.0
1401,20211102,0.015,40.0,0.024,37.0,0.021,41.0,0.024,38.0
1402,20211103,0.015,44.0,0.021,42.0,0.017,43.0,0.023,43.0
1403,20211104,0.008,57.0,0.012,56.0,0.007,54.0,0.014,57.0
1404,20211105,0.011,58.0,0.004,64.0,0.01,68.0,0.02,58.0
1405,20211106,0.018,48.0,0.018,58.0,0.016,56.0,0.028,48.0
1406,20211107,0.025,31.0,0.025,32.0,0.024,33.0,0.031,29.0
1407,20211108,0.024,12.0,0.028,9.0,0.027,10.0,0.03,10.0
1408,20211109,0.02,10.0,0.022,9.0,0.02,10.0,0.021,10.0
1409,20211110,0.021,15.0,0.024,13.0,0.021,15.0,0.024,12.0
1410,20211111,0.023,18.0,0.024,16.0,0.021,18.0,0.022,16.0
1411,20211112,0.019,18.0,0.021,17.0,0.02,20.0,0.023,18.0
1412,20211113,0.009,26.0,0.011,25.0,0.01,28.0,0.011,25.0
1413,20211114,0.02,49.0,0.022,54.0,0.024,53.0,0.023,55.0
1414,20211115,0.01,57.0,0.015,59.0,0.01,66.0,0.015,59.0
1415,20211116,0.012,51.0,0.018,48.0,0.014,54.0,0.018,49.0
1416,20211117,0.007,40.0,0.012,36.0,0.01,38.0,0.012,37.0
1417,20211118,0.023,54.0,0.026,59.0,0.025,60.0,0.028,60.0
1418,20211119,0.031,94.0,0.029,104.0,0.031,109.0,0.04,106.0
1419,20211120,0.015,123.0,0.016,136.0,0.017,140.0,0.022,135.0
1420,20211121,0.012,117.0,0.016,118.0,0.016,125.0,0.019,119.0
1421,20211122,0.026,44.0,0.027,40.0,0.027,41.0,0.029,44.0
1422,20211123,0.021,28.0,0.021,26.0,0.021,29.0,0.024,28.0
1423,20211124,0.011,29.0,0.012,28.0,0.011,28.0,0.016,20.0
1424,20211125,0.007,41.0,0.018,46.0,0.017,49.0,0.009,48.0
1425,20211126,0.018,25.0,0.019,21.0,0.019,25.0,0.021,24.0
1426,20211127,0.01,36.0,0.012,35.0,0.013,37.0,0.016,34.0
1427,20211128,0.007,44.0,0.008,45.0,0.007,49.0,0.007,42.0
1428,20211129,0.006,48.0,0.006,57.0,0.006,54.0,0.007,50.0
1429,20211130,0.013,24.0,0.013,25.0,0.013,26.0,0.019,22.0
1430,20211201,0.022,18.0,0.023,17.0,0.021,18.0,0.026,17.0
1431,20211202,0.01,24.0,0.01,23.0,0.011,23.0,0.012,23.0
1432,20211203,0.017,20.0,0.02,20.0,0.019,21.0,0.021,21.0
1433,20211204,0.006,33.0,0.016,22.0,0.016,23.0,0.019,22.0
1434,20211205,0.01,33.0,0.01,33.0,0.011,35.0,0.015,32.0
1435,20211206,0.006,40.0,0.003,39.0,0.005,49.0,0.006,40.0
1436,20211207,0.008,44.0,0.008,51.0,0.009,51.0,0.013,46.0
1437,20211208,0.008,27.0,0.006,39.0,0.006,34.0,0.008,31.0
1438,20211209,0.005,28.0,0.003,36.0,0.003,32.0,0.005,32.0
1439,20211210,0.005,22.0,0.002,31.0,0.002,31.0,0.003,29.0
1440,20211211,0.007,63.0,0.013,64.0,0.01,68.0,0.007,68.0
1441,20211212,0.021,41.0,0.029,38.0,0.026,40.0,0.023,40.0
1442,20211213,0.015,22.0,0.02,19.0,0.017,21.0,0.022,30.0
1443,20211214,0.005,32.0,0.006,34.0,0.006,34.0,0.007,34.0
1444,20211215,0.009,73.0,0.013,82.0,0.01,84.0,0.011,80.0
1445,20211216,0.011,83.0,0.019,90.0,0.012,93.0,0.012,90.0
1446,20211217,0.023,38.0,0.027,32.0,0.024,36.0,0.026,37.0
1447,20211218,0.013,24.0,0.013,22.0,0.011,23.0,0.014,22.0
1448,20211219,0.015,32.0,0.017,33.0,0.015,32.0,0.014,31.0
1449,20211220,0.01,51.0,0.01,56.0,0.007,58.0,0.008,54.0
1450,20211221,0.014,61.0,0.003,84.0,0.013,67.0,0.016,63.0
1451,20211222,0.01,34.0,0.011,32.0,0.01,34.0,0.013,34.0
1452,20211223,0.003,43.0,0.006,44.0,0.004,49.0,0.006,41.0
1453,20211224,0.01,44.0,0.011,48.0,0.011,52.0,0.011,48.0
1454,20211225,0.024,22.0,0.028,22.0,0.025,23.0,0.025,25.0
1455,20211226,0.023,15.0,0.028,15.0,0.023,16.0,0.025,17.0
1456,20211227,0.011,23.0,0.008,30.0,0.007,31.0,0.01,30.0
1457,20211228,0.003,42.0,0.003,51.0,0.002,52.0,0.004,46.0
1458,20211229,0.008,54.0,0.01,65.0,0.009,64.0,0.003,57.0
1459,20211230,0.022,26.0,0.027,26.0,0.025,31.0,0.025,28.0
1460,20211231,0.026,21.0,0.031,21.0,0.031,21.0,0.028,22.0
