,일자,강수량(mm),기온_겨울,풍속(m/s),체감온도_겨울,기온_여름,습도(%rh),체감온도_여름
0,18-01-01,0.0,-4.6,5.8,-7.2,0.0,0.0,0.0
1,18-01-02,0.0,-4.1,15.1,-9.5,0.0,0.0,0.0
2,18-01-03,0.0,-6.4,16.9,-12.7,0.0,0.0,0.0
3,18-01-04,0.0,-7.7,14.4,-13.8,0.0,0.0,0.0
4,18-01-05,0.0,-5.5,7.9,-9.2,0.0,0.0,0.0
5,18-01-06,0.0,-6.0,7.2,-9.5,0.0,0.0,0.0
6,18-01-07,0.0,-5.6,7.6,-9.2,0.0,0.0,0.0
7,18-01-08,0.9,-0.9,24.5,-7.0,0.0,0.0,0.0
8,18-01-09,0.5,-6.0,19.4,-12.7,0.0,0.0,0.0
9,18-01-10,0.3,-10.2,18.4,-17.8,0.0,0.0,0.0
10,18-01-11,0.0,-13.0,14.8,-20.4,0.0,0.0,0.0
11,18-01-12,0.0,-15.0,13.3,-22.4,0.0,0.0,0.0
12,18-01-13,0.4,-6.4,8.6,-10.5,0.0,0.0,0.0
13,18-01-14,0.0,-3.9,10.1,-8.0,0.0,0.0,0.0
14,18-01-15,0.2,1.8,5.4,0.3,0.0,0.0,0.0
15,18-01-16,0.0,1.1,6.5,-0.9,0.0,0.0,0.0
16,18-01-17,0.0,3.2,11.2,0.2,0.0,0.0,0.0
17,18-01-18,0.0,0.7,14.8,-3.5,0.0,0.0,0.0
18,18-01-19,0.0,-2.4,9.0,-5.9,0.0,0.0,0.0
19,18-01-20,0.0,-0.2,8.3,-3.1,0.0,0.0,0.0
20,18-01-21,0.0,-3.1,6.5,-5.8,0.0,0.0,0.0
21,18-01-22,3.3,-5.2,18.7,-11.6,0.0,0.0,0.0
22,18-01-23,0.0,-14.6,20.5,-23.8,0.0,0.0,0.0
23,18-01-24,0.0,-16.2,19.8,-25.6,0.0,0.0,0.0
24,18-01-25,0.0,-16.4,20.5,-26.1,0.0,0.0,0.0
25,18-01-26,0.0,-17.8,21.6,-28.1,0.0,0.0,0.0
26,18-01-27,0.0,-15.5,8.3,-21.1,0.0,0.0,0.0
27,18-01-28,0.0,-8.8,14.0,-15.0,0.0,0.0,0.0
28,18-01-29,0.0,-10.5,16.2,-17.7,0.0,0.0,0.0
29,18-01-30,2.9,-11.3,7.6,-15.8,0.0,0.0,0.0
30,18-01-31,0.0,-5.2,6.1,-8.1,0.0,0.0,0.0
31,18-02-01,0.0,-7.7,10.4,-12.6,0.0,0.0,0.0
32,18-02-02,0.0,-7.5,8.6,-11.8,0.0,0.0,0.0
33,18-02-03,0.5,-9.5,24.1,-18.0,0.0,0.0,0.0
34,18-02-04,0.0,-12.2,22.3,-21.1,0.0,0.0,0.0
35,18-02-05,0.0,-11.6,16.2,-19.0,0.0,0.0,0.0
36,18-02-06,0.0,-12.8,18.7,-21.1,0.0,0.0,0.0
37,18-02-07,0.0,-12.4,9.7,-18.0,0.0,0.0,0.0
38,18-02-08,0.0,-9.6,6.1,-13.1,0.0,0.0,0.0
39,18-02-09,0.0,-5.2,5.0,-7.5,0.0,0.0,0.0
40,18-02-10,0.0,-5.6,20.9,-12.5,0.0,0.0,0.0
41,18-02-11,0.0,-9.2,12.2,-15.0,0.0,0.0,0.0
42,18-02-12,0.0,-8.6,20.2,-16.1,0.0,0.0,0.0
43,18-02-13,0.0,-6.3,11.2,-11.2,0.0,0.0,0.0
44,18-02-14,0.0,-0.7,23.0,-6.6,0.0,0.0,0.0
45,18-02-15,0.0,-3.7,11.5,-8.2,0.0,0.0,0.0
46,18-02-16,0.0,-2.4,23.0,-8.7,0.0,0.0,0.0
47,18-02-17,0.0,-7.0,15.8,-13.2,0.0,0.0,0.0
48,18-02-18,0.0,-4.5,11.2,-9.0,0.0,0.0,0.0
49,18-02-19,0.0,-1.5,7.9,-4.5,0.0,0.0,0.0
50,18-02-20,0.0,-1.3,19.4,-6.8,0.0,0.0,0.0
51,18-02-21,0.0,-4.1,15.5,-9.6,0.0,0.0,0.0
52,18-02-22,0.4,-2.9,9.7,-6.7,0.0,0.0,0.0
53,18-02-23,3.7,0.7,11.2,-2.8,0.0,0.0,0.0
54,18-02-24,0.0,0.4,16.9,-4.3,0.0,0.0,0.0
55,18-02-25,0.0,-0.1,12.2,-4.0,0.0,0.0,0.0
56,18-02-26,0.0,-3.0,5.4,-5.2,0.0,0.0,0.0
57,18-02-27,0.0,0.6,4.3,-0.6,0.0,0.0,0.0
58,18-02-28,25.0,1.9,14.0,-1.9,0.0,0.0,0.0
59,18-03-01,0.5,-4.0,24.5,-11.0,0.0,0.0,0.0
60,18-03-02,0.0,-6.0,11.9,-11.0,0.0,0.0,0.0
61,18-03-03,0.0,0.0,8.3,-2.8,0.0,0.0,0.0
62,18-03-04,11.5,7.7,13.0,5.4,0.0,0.0,0.0
63,18-03-05,3.5,1.8,10.8,-1.4,0.0,0.0,0.0
64,18-03-06,0.0,-0.7,6.8,-3.1,0.0,0.0,0.0
65,18-03-07,0.5,2.3,13.3,-1.3,0.0,0.0,0.0
66,18-03-08,4.0,3.0,15.8,-0.8,0.0,0.0,0.0
67,18-03-09,0.0,2.9,14.0,-0.7,0.0,0.0,0.0
68,18-03-10,0.0,1.4,9.0,-1.4,0.0,0.0,0.0
69,18-03-11,0.0,2.9,10.1,0.1,0.0,0.0,0.0
70,18-03-12,0.0,2.3,5.8,0.7,0.0,0.0,0.0
71,18-03-13,0.0,5.2,6.5,3.8,0.0,0.0,0.0
72,18-03-14,0.0,0.0,0.0,0.0,0.0,0.0,0.0
73,18-03-15,27.0,9.3,18.0,6.7,0.0,0.0,0.0
74,18-03-16,0.0,3.6,14.4,0.1,0.0,0.0,0.0
75,18-03-17,0.0,0.6,5.8,-1.3,0.0,0.0,0.0
76,18-03-18,0.5,6.0,12.2,3.4,0.0,0.0,0.0
77,18-03-19,1.0,6.5,17.6,3.2,0.0,0.0,0.0
78,18-03-20,0.0,1.8,18.0,-2.7,0.0,0.0,0.0
79,18-03-21,1.0,1.3,16.2,-3.0,0.0,0.0,0.0
80,18-03-22,0.0,0.7,11.9,-2.9,0.0,0.0,0.0
81,18-03-23,0.0,1.8,8.6,-0.8,0.0,0.0,0.0
82,18-03-24,0.0,4.8,9.7,2.5,0.0,0.0,0.0
83,18-03-25,0.0,4.6,6.5,3.1,0.0,0.0,0.0
84,18-03-26,0.0,5.5,11.2,3.0,0.0,0.0,0.0
85,18-03-27,0.0,7.7,7.6,6.4,0.0,0.0,0.0
86,18-03-28,0.0,9.4,10.1,7.9,0.0,0.0,0.0
87,18-03-29,0.0,0.0,0.0,0.0,0.0,0.0,0.0
88,18-03-30,0.0,0.0,0.0,0.0,0.0,0.0,0.0
89,18-03-31,0.0,0.0,0.0,0.0,0.0,0.0,0.0
90,18-04-01,0.0,0.0,0.0,0.0,0.0,0.0,0.0
91,18-04-02,0.0,0.0,0.0,0.0,0.0,0.0,0.0
92,18-04-03,0.1,0.0,0.0,0.0,0.0,0.0,0.0
93,18-04-04,18.5,10.0,16.6,7.7,0.0,0.0,0.0
94,18-04-05,10.5,6.7,16.9,3.6,0.0,0.0,0.0
95,18-04-06,6.5,3.2,23.4,-1.6,0.0,0.0,0.0
96,18-04-07,0.2,1.6,26.3,-4.0,0.0,0.0,0.0
97,18-04-08,3.0,2.1,15.5,-1.9,0.0,0.0,0.0
98,18-04-09,0.0,0.6,6.8,-1.6,0.0,0.0,0.0
99,18-04-10,5.0,6.9,6.5,5.8,0.0,0.0,0.0
100,18-04-11,0.0,8.8,12.6,6.8,0.0,0.0,0.0
101,18-04-12,0.0,6.9,9.0,5.1,0.0,0.0,0.0
102,18-04-13,0.0,8.6,7.2,7.5,0.0,0.0,0.0
103,18-04-14,9.0,8.0,15.5,5.4,0.0,0.0,0.0
104,18-04-15,0.0,6.2,11.5,3.8,0.0,0.0,0.0
105,18-04-16,0.0,4.9,5.8,3.7,0.0,0.0,0.0
106,18-04-17,0.0,6.8,6.5,5.6,0.0,0.0,0.0
107,18-04-18,0.0,6.7,7.6,5.2,0.0,0.0,0.0
108,18-04-19,0.0,8.0,7.2,6.8,0.0,0.0,0.0
109,18-04-20,0.0,0.0,0.0,0.0,0.0,0.0,0.0
110,18-04-21,0.0,0.0,0.0,0.0,0.0,0.0,0.0
111,18-04-22,15.5,0.0,0.0,0.0,0.0,0.0,0.0
112,18-04-23,59.0,8.5,13.7,6.2,0.0,0.0,0.0
113,18-04-24,3.0,9.5,9.0,8.2,0.0,0.0,0.0
114,18-04-25,0.0,5.7,4.0,5.3,0.0,0.0,0.0
115,18-04-26,0.0,10.0,5.4,9.6,0.0,0.0,0.0
116,18-04-27,0.0,9.9,9.0,8.7,0.0,0.0,0.0
117,18-04-28,0.0,0.0,0.0,0.0,0.0,0.0,0.0
118,18-04-29,0.0,9.4,5.8,8.8,0.0,0.0,0.0
119,18-04-30,0.0,0.0,0.0,0.0,0.0,0.0,0.0
120,18-05-01,0.0,0.0,0.0,0.0,23.2,63.4,24.5
121,18-05-02,12.0,8.8,16.6,6.2,19.7,76.0,21.8
122,18-05-03,1.0,7.0,9.4,5.2,14.1,60.6,15.3
123,18-05-04,0.0,9.0,9.4,7.5,19.8,29.9,18.5
124,18-05-05,0.0,0.0,0.0,0.0,24.5,30.2,22.9
125,18-05-06,22.0,0.0,0.0,0.0,20.4,64.5,21.8
126,18-05-07,0.0,0.0,0.0,0.0,25.3,37.2,24.3
127,18-05-08,0.0,0.0,0.0,0.0,22.9,38.6,22.2
128,18-05-09,0.0,9.2,6.1,8.5,21.3,37.2,20.6
129,18-05-10,0.0,0.0,0.0,0.0,21.2,47.8,21.3
130,18-05-11,0.0,0.0,0.0,0.0,21.2,47.9,21.3
131,18-05-12,32.0,0.0,0.0,0.0,15.8,97.4,19.2
132,18-05-13,0.5,0.0,0.0,0.0,20.0,63.5,21.3
133,18-05-14,0.0,0.0,0.0,0.0,24.1,59.0,25.0
134,18-05-15,0.0,0.0,0.0,0.0,29.0,42.2,28.3
135,18-05-16,45.0,0.0,0.0,0.0,22.9,93.3,26.3
136,18-05-17,83.0,0.0,0.0,0.0,23.0,94.8,26.5
137,18-05-18,6.5,0.0,0.0,0.0,19.3,97.3,22.8
138,18-05-19,0.0,0.0,0.0,0.0,24.3,38.5,23.5
139,18-05-20,0.0,0.0,0.0,0.0,22.5,23.3,20.3
140,18-05-21,0.0,0.0,0.0,0.0,23.5,40.0,22.9
141,18-05-22,12.5,0.0,0.0,0.0,23.0,56.1,23.7
142,18-05-23,6.5,0.0,0.0,0.0,22.7,40.9,22.2
143,18-05-24,0.0,0.0,0.0,0.0,23.6,38.4,22.8
144,18-05-25,0.0,0.0,0.0,0.0,26.0,26.4,23.8
145,18-05-26,0.0,0.0,0.0,0.0,29.0,36.0,27.7
146,18-05-27,0.0,0.0,0.0,0.0,24.5,40.0,23.8
147,18-05-28,0.0,0.0,0.0,0.0,28.5,44.7,28.1
148,18-05-29,1.0,0.0,0.0,0.0,25.8,55.4,26.4
149,18-05-30,0.0,0.0,0.0,0.0,24.5,60.1,25.5
150,18-05-31,0.0,0.0,0.0,0.0,27.6,40.3,26.8
151,18-06-01,0.0,0.0,0.0,0.0,30.0,37.0,28.7
152,18-06-02,0.0,0.0,0.0,0.0,29.8,29.0,27.6
153,18-06-03,0.0,0.0,0.0,0.0,30.4,29.7,28.2
154,18-06-04,0.0,0.0,0.0,0.0,26.7,42.0,26.1
155,18-06-05,0.0,0.0,0.0,0.0,29.1,38.8,28.1
156,18-06-06,0.0,0.0,0.0,0.0,27.6,53.2,28.0
157,18-06-07,0.0,0.0,0.0,0.0,29.1,46.2,28.8
158,18-06-08,0.0,0.0,0.0,0.0,26.9,50.6,27.0
159,18-06-09,0.5,0.0,0.0,0.0,29.9,38.4,28.8
160,18-06-10,0.5,0.0,0.0,0.0,24.9,50.9,25.2
161,18-06-11,5.0,0.0,0.0,0.0,23.5,59.7,24.4
162,18-06-12,0.0,0.0,0.0,0.0,27.1,42.2,26.5
163,18-06-13,0.0,0.0,0.0,0.0,26.9,48.7,26.9
164,18-06-14,29.0,0.0,0.0,0.0,25.0,59.8,26.0
165,18-06-15,16.5,0.0,0.0,0.0,26.9,43.1,26.4
166,18-06-16,0.0,0.0,0.0,0.0,28.6,43.9,28.1
167,18-06-17,0.0,0.0,0.0,0.0,27.5,50.7,27.7
168,18-06-18,0.0,0.0,0.0,0.0,30.2,41.3,29.4
169,18-06-19,0.0,0.0,0.0,0.0,26.9,47.1,26.8
170,18-06-20,0.0,0.0,0.0,0.0,28.4,49.1,28.4
171,18-06-21,0.0,0.0,0.0,0.0,28.2,46.6,28.0
172,18-06-22,0.0,0.0,0.0,0.0,31.0,34.7,29.4
173,18-06-23,0.0,0.0,0.0,0.0,28.8,44.5,28.3
174,18-06-24,0.0,0.0,0.0,0.0,31.8,36.2,30.3
175,18-06-25,0.0,0.0,0.0,0.0,32.5,38.5,31.3
176,18-06-26,71.5,0.0,0.0,0.0,26.9,63.8,28.2
177,18-06-27,1.0,0.0,0.0,0.0,25.5,69.2,27.2
178,18-06-28,26.5,0.0,0.0,0.0,27.1,72.7,29.1
179,18-06-29,6.5,0.0,0.0,0.0,28.9,59.5,29.8
180,18-06-30,14.5,0.0,0.0,0.0,27.6,79.3,30.1
181,18-07-01,83.5,0.0,0.0,0.0,22.4,96.0,25.9
182,18-07-02,59.5,0.0,0.0,0.0,25.2,90.8,28.4
183,18-07-03,0.1,0.0,0.0,0.0,32.4,55.1,32.9
184,18-07-04,0.0,0.0,0.0,0.0,31.1,62.9,32.3
185,18-07-05,0.5,0.0,0.0,0.0,29.0,67.5,30.6
186,18-07-06,0.0,0.0,0.0,0.0,26.9,52.6,27.3
187,18-07-07,0.0,0.0,0.0,0.0,29.2,45.5,28.8
188,18-07-08,0.0,0.0,0.0,0.0,28.0,42.6,27.4
189,18-07-09,14.0,0.0,0.0,0.0,24.2,61.2,25.3
190,18-07-10,16.5,0.0,0.0,0.0,26.5,79.2,29.0
191,18-07-11,3.0,0.0,0.0,0.0,29.3,70.1,31.1
192,18-07-12,1.0,0.0,0.0,0.0,28.2,75.3,30.4
193,18-07-13,0.0,0.0,0.0,0.0,30.6,63.8,31.9
194,18-07-14,0.0,0.0,0.0,0.0,31.8,58.3,32.6
195,18-07-15,0.0,0.0,0.0,0.0,33.1,53.5,33.4
196,18-07-16,0.0,0.0,0.0,0.0,33.4,49.8,33.4
197,18-07-17,0.0,0.0,0.0,0.0,32.1,52.1,32.3
198,18-07-18,0.0,0.0,0.0,0.0,32.8,50.1,32.8
199,18-07-19,0.0,0.0,0.0,0.0,33.9,46.4,33.5
200,18-07-20,0.0,0.0,0.0,0.0,34.3,47.8,34.1
201,18-07-21,0.0,0.0,0.0,0.0,36.6,38.1,35.2
202,18-07-22,0.0,0.0,0.0,0.0,37.9,33.1,35.7
203,18-07-23,0.0,0.0,0.0,0.0,35.7,43.3,34.9
204,18-07-24,0.0,0.0,0.0,0.0,36.8,42.8,35.9
205,18-07-25,0.0,0.0,0.0,0.0,34.0,54.9,34.5
206,18-07-26,0.0,0.0,0.0,0.0,33.6,57.0,34.3
207,18-07-27,0.0,0.0,0.0,0.0,35.3,53.6,35.7
208,18-07-28,7.5,0.0,0.0,0.0,34.1,72.5,36.2
209,18-07-29,0.0,0.0,0.0,0.0,36.3,37.5,34.8
210,18-07-30,0.0,0.0,0.0,0.0,36.8,38.8,35.4
211,18-07-31,0.0,0.0,0.0,0.0,38.1,37.4,36.5
212,18-08-01,0.0,0.0,0.0,0.0,39.4,41.2,38.3
213,18-08-02,0.0,0.0,0.0,0.0,37.8,42.3,36.8
214,18-08-03,0.0,0.0,0.0,0.0,37.9,42.6,37.0
215,18-08-04,0.0,0.0,0.0,0.0,34.7,49.2,34.6
216,18-08-05,2.0,0.0,0.0,0.0,33.7,56.4,34.3
217,18-08-06,6.5,0.0,0.0,0.0,35.2,53.3,35.5
218,18-08-07,0.0,0.0,0.0,0.0,35.8,44.8,35.2
219,18-08-08,0.0,0.0,0.0,0.0,34.9,46.4,34.5
220,18-08-09,2.0,0.0,0.0,0.0,32.5,64.3,33.8
221,18-08-10,0.0,0.0,0.0,0.0,36.5,40.8,35.4
222,18-08-11,0.0,0.0,0.0,0.0,35.7,39.9,34.5
223,18-08-12,5.0,0.0,0.0,0.0,35.2,44.6,34.6
224,18-08-13,1.0,0.0,0.0,0.0,34.3,50.0,34.3
225,18-08-14,0.0,0.0,0.0,0.0,36.8,41.2,35.8
226,18-08-15,1.0,0.0,0.0,0.0,37.9,37.1,36.3
227,18-08-16,0.0,0.0,0.0,0.0,35.6,38.6,34.3
228,18-08-17,0.0,0.0,0.0,0.0,33.8,26.2,30.9
229,18-08-18,0.0,0.0,0.0,0.0,32.1,31.8,30.1
230,18-08-19,0.0,0.0,0.0,0.0,34.4,29.1,31.9
231,18-08-20,0.0,0.0,0.0,0.0,33.2,42.9,32.5
232,18-08-21,5.0,0.0,0.0,0.0,31.0,50.8,31.1
233,18-08-22,0.0,0.0,0.0,0.0,37.6,35.3,35.7
234,18-08-23,3.0,0.0,0.0,0.0,32.2,54.6,32.6
235,18-08-24,7.5,0.0,0.0,0.0,26.2,77.4,28.5
236,18-08-25,0.0,0.0,0.0,0.0,28.9,56.7,29.6
237,18-08-26,2.0,0.0,0.0,0.0,29.0,44.3,28.5
238,18-08-27,19.5,0.0,0.0,0.0,24.8,84.2,27.6
239,18-08-28,96.5,0.0,0.0,0.0,25.3,96.4,29.0
240,18-08-29,42.0,0.0,0.0,0.0,27.3,74.2,29.4
241,18-08-30,9.5,0.0,0.0,0.0,28.1,67.7,29.7
242,18-08-31,0.1,0.0,0.0,0.0,29.9,49.1,29.9
243,18-09-01,0.0,0.0,0.0,0.0,30.8,43.5,30.2
244,18-09-02,0.0,0.0,0.0,0.0,29.3,47.0,29.1
245,18-09-03,34.5,0.0,0.0,0.0,25.5,92.3,28.9
246,18-09-04,0.0,0.0,0.0,0.0,27.4,53.3,27.8
247,18-09-05,0.0,0.0,0.0,0.0,28.4,44.5,28.0
248,18-09-06,1.0,0.0,0.0,0.0,27.9,54.1,28.4
249,18-09-07,0.5,0.0,0.0,0.0,25.5,47.8,25.5
250,18-09-08,0.0,0.0,0.0,0.0,27.4,36.9,26.3
251,18-09-09,0.0,0.0,0.0,0.0,28.8,32.3,27.1
252,18-09-10,0.0,0.0,0.0,0.0,28.4,37.1,27.2
253,18-09-11,0.0,0.0,0.0,0.0,26.1,40.7,25.4
254,18-09-12,0.0,0.0,0.0,0.0,28.0,42.8,27.4
255,18-09-13,0.0,0.0,0.0,0.0,28.2,49.1,28.2
256,18-09-14,0.5,0.0,0.0,0.0,26.8,55.9,27.4
257,18-09-15,0.2,0.0,0.0,0.0,25.9,66.6,27.4
258,18-09-16,2.0,0.0,0.0,0.0,23.4,80.5,25.9
259,18-09-17,0.1,0.0,0.0,0.0,27.6,40.3,26.8
260,18-09-18,0.0,0.0,0.0,0.0,26.4,42.9,25.9
261,18-09-19,0.2,0.0,0.0,0.0,26.4,45.5,26.1
262,18-09-20,5.0,0.0,0.0,0.0,18.8,95.5,22.2
263,18-09-21,18.0,0.0,0.0,0.0,21.7,77.8,24.0
264,18-09-22,6.5,0.0,0.0,0.0,25.3,39.1,24.5
265,18-09-23,0.0,0.0,0.0,0.0,24.8,41.5,24.2
266,18-09-24,0.0,0.0,0.0,0.0,22.0,33.1,20.8
267,18-09-25,0.0,0.0,0.0,0.0,23.9,31.5,22.4
268,18-09-26,0.0,0.0,0.0,0.0,24.7,36.9,23.7
269,18-09-27,0.0,0.0,0.0,0.0,25.0,34.0,23.7
270,18-09-28,0.0,0.0,0.0,0.0,22.2,47.8,22.3
271,18-09-29,0.0,0.0,0.0,0.0,27.0,33.9,25.6
272,18-09-30,0.0,0.0,0.0,0.0,21.3,62.4,22.5
273,18-10-01,0.0,0.0,0.0,0.0,19.4,39.5,19.0
274,18-10-02,0.0,0.0,0.0,0.0,21.8,41.3,21.4
275,18-10-03,0.0,0.0,0.0,0.0,24.1,35.7,23.0
276,18-10-04,0.0,0.0,0.0,0.0,25.5,39.2,24.7
277,18-10-05,36.5,0.0,0.0,0.0,17.3,95.3,20.6
278,18-10-06,55.5,0.0,0.0,0.0,21.1,68.4,22.7
279,18-10-07,0.0,0.0,0.0,0.0,20.3,49.7,20.6
280,18-10-08,0.0,9.3,6.5,8.5,20.2,35.2,19.3
281,18-10-09,0.0,0.0,0.0,0.0,19.8,36.2,19.0
282,18-10-10,7.0,7.9,5.4,7.2,16.2,75.4,18.3
283,18-10-11,0.0,6.9,16.2,3.9,13.9,35.2,13.5
284,18-10-12,0.0,5.4,5.4,4.4,17.2,36.9,16.7
285,18-10-13,0.0,6.4,6.5,5.2,19.7,32.9,18.7
286,18-10-14,0.0,6.8,5.4,6.0,20.2,33.2,19.2
287,18-10-15,0.0,0.0,0.0,0.0,20.1,52.4,20.6
288,18-10-16,0.0,0.0,0.0,0.0,20.2,31.8,19.1
289,18-10-17,0.0,9.1,7.6,8.0,18.4,28.0,17.1
290,18-10-18,0.0,7.8,5.4,7.1,19.0,38.5,18.5
291,18-10-19,0.0,7.2,6.1,6.2,20.4,32.1,19.3
292,18-10-20,0.0,6.9,5.4,6.1,21.4,23.7,19.4
293,18-10-21,0.0,7.2,6.1,6.2,21.0,24.3,19.1
294,18-10-22,0.0,9.0,5.8,8.4,20.4,34.6,19.4
295,18-10-23,5.0,9.8,5.4,9.4,16.9,66.5,18.4
296,18-10-24,0.0,7.6,5.4,6.9,18.7,41.1,18.4
297,18-10-25,0.0,7.3,6.8,6.1,21.0,30.7,19.7
298,18-10-26,11.0,0.0,0.0,0.0,14.5,85.9,17.2
299,18-10-27,0.0,7.6,22.0,4.1,10.1,65.4,11.6
300,18-10-28,5.5,6.9,24.1,3.0,13.3,70.6,15.1
301,18-10-29,0.0,3.8,13.7,0.5,11.6,44.9,12.0
302,18-10-30,0.0,0.8,7.2,-1.5,11.6,33.3,11.3
303,18-10-31,0.0,3.2,7.6,1.1,12.6,35.2,12.3
304,18-11-01,0.0,2.5,4.7,1.4,15.2,30.0,14.4
305,18-11-02,0.0,4.1,6.8,2.4,19.0,32.0,18.0
306,18-11-03,0.0,5.4,6.8,3.9,18.9,26.2,17.4
307,18-11-04,0.0,5.6,6.5,4.3,19.2,28.4,17.9
308,18-11-05,0.0,6.8,5.8,5.9,18.3,36.9,17.7
309,18-11-06,0.0,8.1,5.4,7.5,17.4,50.8,17.9
310,18-11-07,2.0,0.0,0.0,0.0,15.7,71.5,17.5
311,18-11-08,64.0,0.0,0.0,0.0,14.7,97.1,18.0
312,18-11-09,1.0,9.8,21.2,7.0,15.4,51.4,16.0
313,18-11-10,0.0,9.2,6.8,8.3,16.7,45.7,16.8
314,18-11-11,0.0,5.4,4.3,4.8,10.9,70.8,12.7
315,18-11-12,0.0,3.4,6.5,1.7,15.1,32.8,14.5
316,18-11-13,0.0,4.4,6.1,3.0,15.2,39.2,15.0
317,18-11-14,0.0,5.0,6.5,3.6,16.6,36.8,16.1
318,18-11-15,0.0,5.2,7.6,3.5,16.1,33.5,15.4
319,18-11-16,0.0,4.4,14.0,1.2,14.4,48.8,14.9
320,18-11-17,0.0,1.3,7.2,-1.0,11.4,34.0,11.2
321,18-11-18,0.0,2.9,9.0,0.4,10.7,36.9,10.7
322,18-11-19,0.0,3.8,9.4,1.4,11.0,42.6,11.3
323,18-11-20,0.2,0.1,6.5,-2.1,12.7,18.9,11.4
324,18-11-21,1.0,3.3,19.1,-1.0,7.4,84.6,9.9
325,18-11-22,0.0,0.0,17.6,-4.9,7.0,31.9,7.1
326,18-11-23,0.0,-0.8,18.0,-5.9,7.6,16.4,6.9
327,18-11-24,10.9,0.3,13.7,-3.8,3.8,77.3,6.0
328,18-11-25,0.0,1.4,5.8,-0.3,9.7,55.4,10.7
329,18-11-26,0.0,2.1,8.3,-0.4,13.5,43.8,13.7
330,18-11-27,0.0,3.2,6.5,1.5,12.5,70.6,14.3
331,18-11-28,0.0,2.1,7.6,-0.2,11.0,14.9,9.7
332,18-11-29,0.0,0.6,8.3,-2.1,6.7,30.0,6.8
333,18-11-30,0.0,-1.5,6.5,-4.0,8.0,20.4,7.5
334,18-12-01,0.0,0.9,6.5,-1.2,12.3,27.0,11.6
335,18-12-02,0.0,3.3,9.0,0.9,11.8,47.3,12.3
336,18-12-03,9.5,9.3,10.1,7.8,13.5,97.9,16.8
337,18-12-04,5.0,1.2,23.8,-4.2,11.8,97.7,15.1
338,18-12-05,0.0,-2.5,16.9,-7.9,3.4,34.6,4.0
339,18-12-06,0.0,-0.4,27.0,-6.7,6.8,42.6,7.4
340,18-12-07,0.0,-8.9,25.9,-17.5,-1.1,56.4,0.5
341,18-12-08,0.0,-11.3,16.2,-18.7,-4.4,24.7,-3.0
342,18-12-09,0.0,-11.0,13.3,-17.5,-2.2,19.9,-1.1
343,18-12-10,0.0,-8.1,6.8,-11.7,4.6,19.1,4.6
344,18-12-11,0.0,-1.9,8.3,-5.1,2.9,51.2,4.1
345,18-12-12,0.0,-4.8,15.8,-10.5,2.4,22.3,2.8
346,18-12-13,1.3,-4.5,14.4,-9.8,2.1,52.5,3.4
347,18-12-14,0.0,-6.8,12.2,-12.1,0.5,30.2,1.3
348,18-12-15,0.0,-7.0,7.9,-10.9,3.2,31.2,3.7
349,18-12-16,0.3,-2.4,6.5,-5.0,2.1,60.4,3.7
350,18-12-17,0.3,-0.6,20.2,-6.0,5.9,33.0,6.2
351,18-12-18,0.0,-2.5,7.9,-5.6,7.4,47.4,8.2
352,18-12-19,0.0,2.7,13.0,-0.7,9.5,19.8,8.7
353,18-12-20,0.0,0.1,7.6,-2.5,10.3,27.8,9.8
354,18-12-21,0.0,0.4,7.6,-2.1,9.7,30.5,9.5
355,18-12-22,0.0,4.6,9.4,2.3,12.4,27.1,11.7
356,18-12-23,0.0,-1.9,22.3,-8.0,7.4,27.0,7.3
357,18-12-24,0.0,-5.0,12.6,-10.0,3.1,21.9,3.4
358,18-12-25,0.0,-3.5,7.9,-6.8,5.2,38.7,5.7
359,18-12-26,0.0,-7.0,20.9,-14.2,3.0,71.6,5.0
360,18-12-27,0.0,-11.7,24.1,-20.8,-6.5,19.1,-4.6
361,18-12-28,0.0,-13.6,19.1,-22.2,-6.7,23.8,-4.9
362,18-12-29,0.0,-10.4,14.8,-17.2,-3.0,20.6,-1.8
363,18-12-30,0.0,-10.1,15.5,-17.0,-0.9,24.1,0.0
364,18-12-31,0.0,-10.3,5.8,-13.8,-0.5,16.5,0.3
365,19-01-01,0.0,-8.1,11.9,-13.6,-0.6,42.4,0.6
366,19-01-02,0.0,-8.4,7.6,-12.4,0.2,21.7,0.9
367,19-01-03,0.0,-8.2,9.0,-12.8,3.2,18.6,3.3
368,19-01-04,0.0,-6.0,6.1,-9.0,4.1,39.8,4.8
369,19-01-05,0.0,-4.6,17.3,-10.6,-0.2,79.7,2.1
370,19-01-06,0.0,-6.1,8.6,-10.1,2.7,19.6,3.0
371,19-01-07,0.0,-6.0,5.0,-8.4,3.1,34.0,3.7
372,19-01-08,0.0,-5.2,27.4,-12.9,0.4,20.5,1.1
373,19-01-09,0.0,-7.7,14.8,-13.9,1.3,18.6,1.8
374,19-01-10,0.0,-4.0,11.2,-8.4,3.0,48.2,4.1
375,19-01-11,0.0,-0.3,7.2,-2.8,7.2,41.3,7.7
376,19-01-12,0.0,-0.6,6.5,-2.9,8.0,33.8,8.1
377,19-01-13,0.0,-3.0,5.8,-5.4,7.6,24.2,7.3
378,19-01-14,0.0,-1.9,5.8,-4.1,5.3,52.0,6.3
379,19-01-15,0.0,-6.6,17.3,-13.1,2.4,73.7,4.5
380,19-01-16,0.0,-10.0,12.2,-16.0,-1.1,22.4,-0.2
381,19-01-17,0.0,-2.7,9.4,-6.4,4.0,19.7,4.1
382,19-01-18,0.0,-4.2,7.6,-7.5,6.7,32.5,6.9
383,19-01-19,0.0,0.1,7.6,-2.5,8.5,47.5,9.2
384,19-01-20,0.0,-5.4,14.4,-10.9,4.0,74.9,6.1
385,19-01-21,0.0,-5.6,12.6,-10.7,4.2,58.0,5.6
386,19-01-22,0.0,-3.2,7.9,-6.5,7.1,43.1,7.7
387,19-01-23,0.0,-0.5,15.1,-5.1,7.0,22.4,6.7
388,19-01-24,0.0,-4.4,9.0,-8.3,6.5,14.3,5.9
389,19-01-25,0.0,-3.4,17.3,-9.1,2.6,20.3,2.9
390,19-01-26,0.0,-6.3,19.8,-13.2,2.3,22.2,2.7
391,19-01-27,0.0,-6.6,7.6,-10.3,5.0,39.6,5.6
392,19-01-28,0.0,-2.0,14.8,-6.8,2.9,72.2,4.9
393,19-01-29,0.0,-5.6,8.6,-9.5,7.0,18.9,6.6
394,19-01-30,0.0,-2.5,5.8,-4.8,6.6,44.5,7.3
395,19-01-31,0.0,-5.6,19.4,-12.2,2.3,71.4,4.2
396,19-02-01,0.3,-6.2,11.5,-11.2,2.8,36.0,3.5
397,19-02-02,0.0,-3.1,8.3,-6.5,6.1,47.3,6.9
398,19-02-03,16.0,2.7,17.3,-1.5,4.9,96.7,8.0
399,19-02-04,0.0,-2.5,18.4,-8.1,2.1,85.2,4.7
400,19-02-05,0.0,-3.5,7.9,-6.8,10.0,18.9,9.1
401,19-02-06,0.0,0.2,8.6,-2.7,9.3,51.7,10.2
402,19-02-07,0.5,-7.6,25.2,-15.7,6.3,81.9,8.7
403,19-02-08,0.0,-9.6,20.5,-17.5,-1.3,18.3,-0.4
404,19-02-09,0.0,-7.1,21.2,-14.4,-1.9,21.2,-0.9
405,19-02-10,0.0,-9.0,8.3,-13.4,-1.9,24.4,-0.9
406,19-02-11,0.0,-5.8,16.2,-11.8,2.0,20.9,2.4
407,19-02-12,0.0,-2.5,11.5,-6.7,3.7,29.4,4.1
408,19-02-13,0.0,-5.6,10.4,-10.1,2.5,16.6,2.7
409,19-02-14,0.0,-5.8,5.8,-8.6,6.2,17.1,5.8
410,19-02-15,2.2,-2.1,15.8,-7.2,0.7,92.8,3.6
411,19-02-16,0.2,-5.0,16.9,-11.0,1.4,41.3,2.4
412,19-02-17,0.0,-5.1,11.9,-10.0,4.6,23.8,4.7
413,19-02-18,0.0,-3.9,7.6,-7.2,5.8,28.2,5.9
414,19-02-19,4.6,0.9,13.0,-2.9,2.7,83.3,5.2
415,19-02-20,0.0,0.6,16.2,-3.9,4.1,59.3,5.5
416,19-02-21,0.0,-2.4,7.2,-5.3,9.0,33.4,9.0
417,19-02-22,0.0,-1.1,6.8,-3.6,10.7,28.9,10.3
418,19-02-23,0.0,0.6,7.9,-2.0,14.5,17.4,12.8
419,19-02-24,0.0,1.2,7.6,-1.2,13.7,22.1,12.5
420,19-02-25,0.0,1.5,13.0,-2.2,10.2,31.5,10.0
421,19-02-26,0.0,-1.5,7.9,-4.5,12.0,16.6,10.6
422,19-02-27,0.0,4.9,7.6,3.1,14.0,26.1,13.0
423,19-02-28,0.0,2.3,7.9,0.0,12.8,27.1,12.0
424,19-03-01,0.0,1.7,9.7,-1.2,12.8,28.0,12.1
425,19-03-02,0.0,1.3,5.8,-0.5,14.7,22.1,13.3
426,19-03-03,0.0,2.6,7.2,0.6,16.1,15.9,14.0
427,19-03-04,0.0,6.7,14.4,3.9,16.1,21.6,14.5
428,19-03-05,0.0,5.7,13.3,2.9,12.7,45.5,13.1
429,19-03-06,0.0,6.7,15.5,3.8,12.4,44.1,12.7
430,19-03-07,0.0,3.2,8.6,0.9,12.6,32.7,12.2
431,19-03-08,0.0,1.0,6.8,-1.2,13.3,21.7,12.1
432,19-03-09,0.0,0.0,7.6,-2.6,14.9,13.7,12.8
433,19-03-10,0.0,7.0,8.3,5.4,15.2,14.4,13.1
434,19-03-11,0.0,3.8,9.0,1.5,9.8,45.1,10.3
435,19-03-12,0.0,0.8,19.1,-4.1,6.8,73.2,8.8
436,19-03-13,0.0,-0.1,14.8,-4.5,8.5,23.1,8.0
437,19-03-14,0.0,-1.7,6.8,-4.3,10.0,20.7,9.2
438,19-03-15,3.5,2.5,13.0,-1.0,10.6,40.2,10.8
439,19-03-16,0.0,1.3,10.4,-1.9,9.2,41.6,9.6
440,19-03-17,0.0,2.7,6.8,0.8,12.3,29.4,11.7
441,19-03-18,0.0,1.6,6.5,-0.4,14.4,20.7,13.0
442,19-03-19,0.0,3.5,6.1,2.0,16.7,43.8,16.7
443,19-03-20,16.5,7.5,7.9,6.1,14.1,57.5,15.1
444,19-03-21,3.3,2.5,18.4,-1.9,9.9,97.5,13.1
445,19-03-22,0.0,-0.6,16.2,-5.4,8.0,26.6,7.8
446,19-03-23,1.7,0.1,8.3,-2.7,8.2,35.6,8.4
447,19-03-24,0.0,-0.8,7.9,-3.6,9.7,31.5,9.5
448,19-03-25,0.0,3.3,12.2,0.2,11.5,47.0,12.0
449,19-03-26,0.0,7.7,15.1,5.1,17.6,25.5,16.1
450,19-03-27,0.0,9.0,14.0,6.8,16.1,46.7,16.4
451,19-03-28,0.0,6.2,18.0,2.8,14.6,21.7,13.2
452,19-03-29,0.0,5.5,9.7,3.3,15.0,24.6,13.8
453,19-03-30,1.8,3.6,23.0,-1.1,7.6,69.3,9.4
454,19-03-31,0.0,3.2,23.8,-1.7,8.4,24.1,8.0
455,19-04-01,0.0,0.3,9.0,-2.7,11.3,19.4,10.2
456,19-04-02,0.0,1.8,9.0,-0.9,13.0,19.6,11.7
457,19-04-03,0.0,2.1,6.5,0.2,13.5,23.5,12.4
458,19-04-04,0.0,3.0,6.8,1.1,15.6,24.5,14.3
459,19-04-05,0.0,7.1,18.7,3.9,16.7,28.6,15.6
460,19-04-06,0.8,5.9,5.0,5.1,10.6,56.8,11.7
461,19-04-07,0.0,5.7,4.3,5.2,20.1,18.0,17.6
462,19-04-08,0.0,7.6,16.2,4.8,17.2,13.7,14.7
463,19-04-09,17.4,4.7,17.3,1.0,13.7,22.3,12.5
464,19-04-10,5.6,4.8,15.8,1.4,10.0,68.3,11.7
465,19-04-11,0.0,4.4,5.4,3.2,15.7,34.8,15.2
466,19-04-12,0.0,5.8,7.9,4.1,18.4,26.8,17.0
467,19-04-13,0.0,6.3,4.3,5.8,17.9,14.9,15.4
468,19-04-14,1.7,7.8,15.1,5.2,13.0,64.0,14.4
469,19-04-15,0.0,4.4,7.9,2.5,17.1,25.1,15.7
470,19-04-16,0.0,7.0,6.8,5.8,22.5,12.4,18.9
471,19-04-17,0.0,9.2,6.8,8.3,21.4,37.9,20.7
472,19-04-18,0.0,0.0,0.0,0.0,16.2,56.4,17.1
473,19-04-19,0.0,10.0,11.2,8.4,19.7,33.7,18.8
474,19-04-20,1.2,9.8,8.3,8.7,19.0,44.9,19.0
475,19-04-21,0.3,0.0,0.0,0.0,20.2,55.2,20.9
476,19-04-22,0.0,0.0,0.0,0.0,28.2,22.8,25.3
477,19-04-23,0.0,0.0,0.0,0.0,25.3,41.4,24.7
478,19-04-24,4.1,0.0,0.0,0.0,25.9,48.0,25.9
479,19-04-25,11.3,9.4,10.4,7.8,17.1,71.1,18.9
480,19-04-26,4.9,8.1,14.0,5.7,9.4,95.8,12.5
481,19-04-27,0.0,4.3,7.9,2.3,17.8,33.5,17.0
482,19-04-28,0.0,0.0,0.0,0.0,16.2,43.1,16.2
483,19-04-29,0.0,8.4,7.6,7.2,17.3,38.0,16.9
484,19-04-30,0.0,9.0,5.4,8.5,22.5,35.0,21.5
485,19-05-01,0.0,0.0,0.0,0.0,22.0,45.9,21.9
486,19-05-02,0.0,0.0,0.0,0.0,25.0,20.9,22.2
487,19-05-03,0.0,0.0,0.0,0.0,26.1,22.6,23.4
488,19-05-04,0.0,0.0,0.0,0.0,27.3,27.0,25.0
489,19-05-05,0.0,0.0,0.0,0.0,26.2,20.2,23.2
490,19-05-06,0.0,9.8,24.8,6.7,18.4,25.7,16.9
491,19-05-07,0.0,8.9,6.5,8.1,21.9,21.6,19.6
492,19-05-08,0.0,0.0,0.0,0.0,21.1,35.2,20.2
493,19-05-09,0.0,0.0,0.0,0.0,22.9,22.0,20.5
494,19-05-10,0.0,0.0,0.0,0.0,26.7,30.4,24.9
495,19-05-11,0.0,0.0,0.0,0.0,28.0,30.8,26.1
496,19-05-12,0.0,0.0,0.0,0.0,28.8,26.9,26.4
497,19-05-13,0.0,0.0,0.0,0.0,22.7,34.8,21.6
498,19-05-14,0.0,0.0,0.0,0.0,26.8,28.7,24.8
499,19-05-15,0.0,0.0,0.0,0.0,27.8,28.6,25.7
500,19-05-16,0.0,0.0,0.0,0.0,29.9,30.1,27.8
501,19-05-17,0.0,0.0,0.0,0.0,28.3,33.7,26.8
502,19-05-18,0.0,0.0,0.0,0.0,25.9,40.3,25.2
503,19-05-19,22.0,0.0,0.0,0.0,21.1,92.2,24.3
504,19-05-20,8.7,0.0,0.0,0.0,20.0,91.5,23.2
505,19-05-21,0.0,0.0,0.0,0.0,23.1,31.1,21.7
506,19-05-22,0.0,0.0,0.0,0.0,26.3,22.6,23.6
507,19-05-23,0.0,0.0,0.0,0.0,28.8,28.2,26.6
508,19-05-24,0.0,0.0,0.0,0.0,33.2,30.7,31.0
509,19-05-25,0.0,0.0,0.0,0.0,27.6,30.3,25.7
510,19-05-26,0.0,0.0,0.0,0.0,30.7,26.5,28.1
511,19-05-27,7.1,0.0,0.0,0.0,19.6,94.0,22.9
512,19-05-28,0.0,0.0,0.0,0.0,24.5,27.0,22.5
513,19-05-29,0.0,0.0,0.0,0.0,26.5,28.7,24.5
514,19-05-30,0.0,0.0,0.0,0.0,24.3,36.4,23.3
515,19-05-31,0.0,0.0,0.0,0.0,23.3,37.6,22.4
516,19-06-01,0.0,0.0,0.0,0.0,23.7,44.3,23.4
517,19-06-02,0.0,0.0,0.0,0.0,27.5,30.0,25.6
518,19-06-03,0.0,0.0,0.0,0.0,29.5,33.6,27.9
519,19-06-04,0.0,0.0,0.0,0.0,29.0,35.1,27.6
520,19-06-05,0.0,0.0,0.0,0.0,29.3,47.9,29.1
521,19-06-06,7.5,0.0,0.0,0.0,25.1,58.5,26.0
522,19-06-07,35.3,0.0,0.0,0.0,24.6,54.7,25.2
523,19-06-08,0.0,0.0,0.0,0.0,27.3,44.8,26.9
524,19-06-09,2.5,0.0,0.0,0.0,26.3,52.8,26.7
525,19-06-10,9.5,0.0,0.0,0.0,21.9,53.1,22.4
526,19-06-11,0.0,0.0,0.0,0.0,25.9,37.5,24.9
527,19-06-12,0.0,0.0,0.0,0.0,26.4,50.0,26.5
528,19-06-13,0.0,0.0,0.0,0.0,28.4,39.5,27.5
529,19-06-14,0.0,0.0,0.0,0.0,28.2,36.7,27.0
530,19-06-15,2.1,0.0,0.0,0.0,27.4,44.0,26.9
531,19-06-16,0.0,0.0,0.0,0.0,27.1,42.6,26.5
532,19-06-17,0.0,0.0,0.0,0.0,26.1,43.4,25.7
533,19-06-18,13.8,0.0,0.0,0.0,24.5,65.7,25.9
534,19-06-19,0.2,0.0,0.0,0.0,25.3,60.4,26.3
535,19-06-20,0.0,0.0,0.0,0.0,27.5,52.3,27.8
536,19-06-21,0.2,0.0,0.0,0.0,26.1,58.3,26.9
537,19-06-22,0.0,0.0,0.0,0.0,30.4,30.3,28.3
538,19-06-23,0.0,0.0,0.0,0.0,30.9,31.6,28.9
539,19-06-24,0.0,0.0,0.0,0.0,30.7,34.4,29.1
540,19-06-25,0.0,0.0,0.0,0.0,32.7,29.0,30.3
541,19-06-26,0.0,0.0,0.0,0.0,29.1,44.0,28.6
542,19-06-27,1.4,0.0,0.0,0.0,31.1,47.9,30.9
543,19-06-28,0.0,0.0,0.0,0.0,28.8,54.8,29.3
544,19-06-29,1.5,0.0,0.0,0.0,27.7,48.6,27.7
545,19-06-30,0.0,0.0,0.0,0.0,28.5,51.1,28.7
546,19-07-01,0.0,0.0,0.0,0.0,28.8,41.6,28.1
547,19-07-02,0.0,0.0,0.0,0.0,29.5,43.0,28.9
548,19-07-03,0.0,0.0,0.0,0.0,27.4,52.0,27.7
549,19-07-04,0.0,0.0,0.0,0.0,32.8,31.2,30.7
550,19-07-05,0.0,0.0,0.0,0.0,34.9,31.9,32.7
551,19-07-06,0.0,0.0,0.0,0.0,35.9,25.9,32.8
552,19-07-07,0.0,0.0,0.0,0.0,32.4,28.8,30.0
553,19-07-08,0.0,0.0,0.0,0.0,31.0,32.8,29.2
554,19-07-09,0.0,0.0,0.0,0.0,29.8,35.7,28.4
555,19-07-10,8.5,0.0,0.0,0.0,27.3,42.8,26.8
556,19-07-11,2.9,0.0,0.0,0.0,25.8,62.5,27.0
557,19-07-12,0.0,0.0,0.0,0.0,28.5,50.9,28.7
558,19-07-13,0.0,0.0,0.0,0.0,29.2,50.9,29.4
559,19-07-14,0.0,0.0,0.0,0.0,31.5,41.3,30.6
560,19-07-15,7.7,0.0,0.0,0.0,27.2,62.6,28.4
561,19-07-16,6.3,0.0,0.0,0.0,28.5,61.3,29.6
562,19-07-17,0.7,0.0,0.0,0.0,29.1,56.9,29.8
563,19-07-18,0.0,0.0,0.0,0.0,31.6,46.8,31.3
564,19-07-19,0.0,0.0,0.0,0.0,34.9,39.4,33.7
565,19-07-20,1.1,0.0,0.0,0.0,31.8,52.4,32.0
566,19-07-21,6.2,0.0,0.0,0.0,27.0,79.7,29.5
567,19-07-22,0.1,0.0,0.0,0.0,31.0,56.0,31.6
568,19-07-23,0.0,0.0,0.0,0.0,32.9,52.2,33.1
569,19-07-24,1.0,0.0,0.0,0.0,27.0,82.5,29.7
570,19-07-25,9.7,0.0,0.0,0.0,26.9,94.3,30.5
571,19-07-26,60.0,0.0,0.0,0.0,25.9,92.8,29.3
572,19-07-27,0.6,0.0,0.0,0.0,33.2,53.9,33.6
573,19-07-28,25.6,0.0,0.0,0.0,28.2,77.7,30.6
574,19-07-29,0.5,0.0,0.0,0.0,29.7,70.0,31.5
575,19-07-30,1.2,0.0,0.0,0.0,30.7,67.6,32.3
576,19-07-31,62.3,0.0,0.0,0.0,26.6,92.8,30.1
577,19-08-01,26.9,0.0,0.0,0.0,30.0,72.3,32.0
578,19-08-02,0.0,0.0,0.0,0.0,33.0,57.4,33.7
579,19-08-03,3.0,0.0,0.0,0.0,35.2,53.0,35.5
580,19-08-04,8.6,0.0,0.0,0.0,34.3,52.7,34.5
581,19-08-05,0.0,0.0,0.0,0.0,35.8,48.3,35.5
582,19-08-06,0.0,0.0,0.0,0.0,36.4,39.9,35.2
583,19-08-07,8.0,0.0,0.0,0.0,30.3,65.5,31.7
584,19-08-08,0.0,0.0,0.0,0.0,32.6,58.1,33.4
585,19-08-09,0.0,0.0,0.0,0.0,34.4,54.6,34.9
586,19-08-10,0.0,0.0,0.0,0.0,36.5,43.8,35.8
587,19-08-11,6.7,0.0,0.0,0.0,35.6,37.6,34.1
588,19-08-12,56.2,0.0,0.0,0.0,28.5,89.5,31.8
589,19-08-13,6.4,0.0,0.0,0.0,35.3,47.5,35.0
590,19-08-14,0.0,0.0,0.0,0.0,35.7,45.5,35.2
591,19-08-15,16.2,0.0,0.0,0.0,28.6,62.1,29.7
592,19-08-16,0.1,0.0,0.0,0.0,29.5,64.0,30.8
593,19-08-17,0.0,0.0,0.0,0.0,28.4,63.9,29.7
594,19-08-18,0.0,0.0,0.0,0.0,30.6,45.5,30.2
595,19-08-19,0.0,0.0,0.0,0.0,30.8,46.7,30.5
596,19-08-20,0.0,0.0,0.0,0.0,32.6,48.3,32.4
597,19-08-21,1.3,0.0,0.0,0.0,30.3,57.2,31.0
598,19-08-22,0.0,0.0,0.0,0.0,31.3,45.3,30.8
599,19-08-23,0.0,0.0,0.0,0.0,30.3,36.1,28.9
600,19-08-24,0.0,0.0,0.0,0.0,27.2,59.0,28.1
601,19-08-25,0.0,0.0,0.0,0.0,29.9,48.8,29.8
602,19-08-26,0.0,0.0,0.0,0.0,32.1,38.9,30.9
603,19-08-27,20.0,0.0,0.0,0.0,29.3,51.7,29.5
604,19-08-28,0.0,0.0,0.0,0.0,29.7,49.0,29.7
605,19-08-29,36.9,0.0,0.0,0.0,26.2,64.4,27.5
606,19-08-30,0.2,0.0,0.0,0.0,27.0,47.4,26.9
607,19-08-31,0.0,0.0,0.0,0.0,28.9,41.6,28.2
608,19-09-01,0.0,0.0,0.0,0.0,27.5,51.1,27.7
609,19-09-02,0.0,0.0,0.0,0.0,29.6,40.5,28.7
610,19-09-03,0.0,0.0,0.0,0.0,27.8,58.2,28.6
611,19-09-04,22.7,0.0,0.0,0.0,25.5,82.5,28.2
612,19-09-05,36.4,0.0,0.0,0.0,27.5,70.0,29.3
613,19-09-06,2.4,0.0,0.0,0.0,29.1,66.8,30.6
614,19-09-07,2.8,0.0,0.0,0.0,29.5,59.0,30.4
615,19-09-08,0.0,0.0,0.0,0.0,27.2,68.0,28.8
616,19-09-09,0.0,0.0,0.0,0.0,28.0,64.2,29.3
617,19-09-10,63.2,0.0,0.0,0.0,26.5,79.6,29.0
618,19-09-11,7.6,0.0,0.0,0.0,28.6,56.8,29.3
619,19-09-12,3.9,0.0,0.0,0.0,22.9,63.7,24.1
620,19-09-13,0.1,0.0,0.0,0.0,29.0,40.8,28.2
621,19-09-14,0.3,0.0,0.0,0.0,23.0,93.4,26.4
622,19-09-15,0.0,0.0,0.0,0.0,29.9,47.3,29.7
623,19-09-16,0.0,0.0,0.0,0.0,30.4,36.5,29.0
624,19-09-17,0.0,0.0,0.0,0.0,28.8,33.3,27.2
625,19-09-18,0.0,0.0,0.0,0.0,24.7,45.4,24.5
626,19-09-19,0.0,0.0,0.0,0.0,25.9,41.7,25.3
627,19-09-20,0.0,0.0,0.0,0.0,24.2,41.8,23.7
628,19-09-21,0.0,0.0,0.0,0.0,22.0,55.3,22.7
629,19-09-22,0.4,0.0,0.0,0.0,18.9,72.5,20.8
630,19-09-23,0.0,0.0,0.0,0.0,24.2,42.7,23.8
631,19-09-24,0.0,0.0,0.0,0.0,26.5,39.7,25.7
632,19-09-25,0.0,0.0,0.0,0.0,27.4,41.0,26.6
633,19-09-26,0.0,0.0,0.0,0.0,28.4,43.1,27.8
634,19-09-27,0.0,0.0,0.0,0.0,26.9,47.0,26.7
635,19-09-28,0.0,0.0,0.0,0.0,28.8,47.1,28.6
636,19-09-29,0.0,0.0,0.0,0.0,28.5,34.3,27.0
637,19-09-30,0.0,0.0,0.0,0.0,29.7,32.4,27.9
638,19-10-01,0.0,0.0,0.0,0.0,28.2,54.1,28.6
639,19-10-02,23.1,0.0,0.0,0.0,24.2,67.8,25.8
640,19-10-03,4.6,0.0,0.0,0.0,27.1,54.8,27.6
641,19-10-04,0.0,0.0,0.0,0.0,27.7,56.9,28.4
642,19-10-05,0.6,0.0,0.0,0.0,21.1,80.2,23.5
643,19-10-06,0.0,0.0,0.0,0.0,22.6,46.2,22.5
644,19-10-07,25.4,0.0,0.0,0.0,17.7,63.8,19.0
645,19-10-08,0.0,0.0,0.0,0.0,17.7,64.9,19.1
646,19-10-09,0.0,7.7,7.9,6.3,20.3,31.1,19.1
647,19-10-10,0.0,0.0,0.0,0.0,19.8,46.8,19.9
648,19-10-11,0.0,0.0,0.0,0.0,25.6,38.4,24.7
649,19-10-12,0.0,0.0,0.0,0.0,23.0,37.5,22.2
650,19-10-13,0.0,0.0,0.0,0.0,23.6,36.3,22.6
651,19-10-14,0.0,9.5,6.5,8.8,19.5,42.6,19.3
652,19-10-15,0.0,9.7,11.2,8.1,20.3,43.4,20.1
653,19-10-16,0.0,9.1,8.3,7.9,20.7,36.0,19.9
654,19-10-17,0.0,0.0,0.0,0.0,21.3,35.3,20.4
655,19-10-18,0.0,0.0,0.0,0.0,22.7,47.0,22.7
656,19-10-19,0.0,0.0,0.0,0.0,23.0,41.0,22.4
657,19-10-20,0.0,0.0,0.0,0.0,22.9,42.6,22.5
658,19-10-21,0.0,0.0,0.0,0.0,24.6,30.5,23.0
659,19-10-22,0.0,0.0,0.0,0.0,24.4,38.7,23.6
660,19-10-23,0.0,0.0,0.0,0.0,20.7,46.8,20.8
661,19-10-24,0.0,0.0,0.0,0.0,23.8,33.8,22.6
662,19-10-25,0.0,0.0,0.0,0.0,21.8,41.8,21.4
663,19-10-26,0.0,6.7,15.5,3.8,13.0,74.7,15.0
664,19-10-27,0.0,4.9,8.3,2.9,17.3,41.1,17.1
665,19-10-28,1.7,7.5,10.1,5.6,17.7,42.7,17.6
666,19-10-29,0.1,8.4,10.1,6.7,17.1,43.9,17.1
667,19-10-30,0.0,5.1,7.2,3.5,17.6,42.7,17.5
668,19-10-31,0.0,8.4,7.6,7.2,19.6,58.2,20.5
669,19-11-01,0.0,0.0,0.0,0.0,20.4,29.6,19.1
670,19-11-02,0.0,8.4,9.4,6.8,18.6,49.1,18.9
671,19-11-03,0.0,9.7,6.1,9.1,22.1,37.0,21.3
672,19-11-04,0.0,9.2,10.8,7.5,20.3,35.1,19.4
673,19-11-05,0.0,8.5,7.2,7.4,18.4,40.8,18.1
674,19-11-06,0.0,6.5,6.5,5.3,16.1,42.7,16.1
675,19-11-07,0.0,5.0,11.9,2.3,13.1,33.4,12.7
676,19-11-08,0.0,1.8,9.7,-1.1,12.8,19.3,11.5
677,19-11-09,0.0,3.5,7.9,1.4,17.2,22.1,15.5
678,19-11-10,11.8,6.7,13.7,4.0,15.3,33.1,14.7
679,19-11-11,1.1,9.5,18.7,6.9,15.1,50.6,15.7
680,19-11-12,0.0,5.0,7.6,3.2,14.4,41.1,14.4
681,19-11-13,7.5,3.2,19.8,-1.2,11.3,94.7,14.4
682,19-11-14,0.0,-2.1,20.2,-7.9,4.9,25.9,5.0
683,19-11-15,18.8,2.2,13.0,-1.3,7.6,95.5,10.7
684,19-11-16,0.0,3.8,12.6,0.7,12.7,50.1,13.3
685,19-11-17,21.1,6.4,19.1,2.9,10.5,97.1,13.7
686,19-11-18,14.7,0.9,18.0,-3.8,12.7,97.0,16.0
687,19-11-19,0.0,-2.3,16.2,-7.5,4.0,40.7,4.7
688,19-11-20,0.0,-4.3,10.1,-8.5,6.3,22.2,6.1
689,19-11-21,0.0,-2.0,9.7,-5.6,9.0,29.7,8.8
690,19-11-22,0.0,3.1,10.8,0.2,17.3,18.8,15.3
691,19-11-23,0.0,8.0,12.6,5.8,17.7,39.9,17.4
692,19-11-24,3.8,4.8,28.4,-0.1,14.1,84.7,16.7
693,19-11-25,0.0,-0.9,24.5,-7.0,6.0,50.3,7.0
694,19-11-26,0.0,1.8,11.5,-1.5,13.7,45.7,14.0
695,19-11-27,0.0,1.0,14.8,-3.1,5.4,70.1,7.2
696,19-11-28,0.0,-0.6,7.9,-3.4,10.4,38.2,10.5
697,19-11-29,0.0,-2.8,10.1,-6.7,6.8,26.0,6.7
698,19-11-30,0.0,-0.7,14.4,-5.2,9.2,28.4,8.9
699,19-12-01,3.3,3.5,19.8,-0.8,6.2,83.5,8.7
700,19-12-02,0.0,-0.9,25.2,-7.1,2.3,79.8,4.6
701,19-12-03,0.6,-4.8,9.4,-8.9,3.3,83.7,5.8
702,19-12-04,0.0,-1.8,7.2,-4.6,7.2,30.1,7.2
703,19-12-05,0.0,-8.5,20.5,-16.1,-0.3,52.6,1.1
704,19-12-06,0.0,-8.7,18.0,-15.8,-1.0,24.8,-0.1
705,19-12-07,0.1,-5.1,12.2,-10.0,1.2,66.5,3.0
706,19-12-08,0.0,-5.5,7.9,-9.2,4.9,33.4,5.3
707,19-12-09,0.0,-1.1,15.5,-5.9,8.0,63.9,9.5
708,19-12-10,1.7,6.6,7.6,5.1,10.7,66.3,12.3
709,19-12-11,0.2,0.5,20.9,-4.7,9.8,85.7,12.4
710,19-12-12,0.0,-3.0,17.3,-8.6,3.4,25.5,3.7
711,19-12-13,1.0,-3.7,9.7,-7.6,5.8,60.3,7.2
712,19-12-14,0.0,0.3,17.6,-4.5,4.9,86.1,7.5
713,19-12-15,0.0,0.7,16.9,-3.9,10.9,38.6,11.0
714,19-12-16,0.0,2.4,13.0,-1.1,12.9,44.5,13.2
715,19-12-17,9.8,3.8,19.8,-0.4,9.9,96.7,13.1
716,19-12-18,0.0,-1.6,16.9,-6.7,5.2,50.3,6.2
717,19-12-19,0.0,-3.3,18.7,-9.2,3.1,32.4,3.6
718,19-12-20,0.0,-2.7,13.3,-7.4,1.9,23.7,2.4
719,19-12-21,0.6,-4.8,11.2,-9.4,0.9,91.3,3.7
720,19-12-22,0.3,0.5,12.6,-3.3,8.4,49.2,9.2
721,19-12-23,2.9,2.3,13.3,-1.3,5.2,74.8,7.3
722,19-12-24,0.0,-2.2,14.0,-6.9,6.4,48.2,7.2
723,19-12-25,0.0,-2.6,6.8,-5.3,6.5,37.8,6.9
724,19-12-26,0.3,-2.2,17.6,-7.6,3.4,77.2,5.6
725,19-12-27,0.0,-4.0,15.8,-9.5,2.6,23.7,3.0
726,19-12-28,0.0,-3.2,15.5,-8.5,6.1,34.8,6.4
727,19-12-29,1.4,1.5,18.7,-3.2,6.2,37.1,6.6
728,19-12-30,0.4,-5.5,35.6,-14.3,6.8,71.7,8.7
729,19-12-31,0.0,-10.7,28.4,-20.2,-4.5,26.9,-3.1
730,20-01-01,0.1,-6.0,9.0,-10.2,0.3,62.9,2.0
731,20-01-02,0.0,-0.6,11.9,-4.5,3.8,58.2,5.2
732,20-01-03,0.0,-3.1,9.0,-6.7,4.5,29.6,4.8
733,20-01-04,0.0,-2.7,7.6,-5.8,5.9,39.1,6.4
734,20-01-05,0.0,-3.2,6.8,-6.0,6.6,29.6,6.7
735,20-01-06,1.8,1.2,15.1,-3.0,4.2,94.5,7.2
736,20-01-07,46.3,4.2,22.0,-0.2,7.7,96.0,10.8
737,20-01-08,11.6,-0.3,21.6,-5.9,8.9,96.7,12.1
738,20-01-09,0.0,-2.8,13.7,-7.6,2.0,48.9,3.2
739,20-01-10,0.0,-4.3,11.9,-9.0,4.2,42.1,4.9
740,20-01-11,0.0,-2.6,7.6,-5.7,3.8,41.9,4.6
741,20-01-12,0.0,-3.0,11.5,-7.3,2.8,42.4,3.7
742,20-01-13,0.0,-3.8,19.8,-10.0,0.2,33.0,1.1
743,20-01-14,0.0,-5.5,13.3,-10.8,2.6,28.8,3.1
744,20-01-15,0.0,-6.3,10.8,-11.1,2.2,27.5,2.7
745,20-01-16,0.0,-5.0,10.1,-9.3,3.2,24.0,3.5
746,20-01-17,0.0,-4.8,8.3,-8.5,4.9,28.4,5.1
747,20-01-18,0.0,-4.1,6.5,-7.0,5.8,25.4,5.8
748,20-01-19,0.6,0.2,8.3,-2.6,4.7,64.1,6.3
749,20-01-20,0.0,-3.3,9.7,-7.2,4.8,51.9,5.9
750,20-01-21,0.0,-5.3,11.2,-10.0,5.5,21.9,5.4
751,20-01-22,0.0,0.7,14.0,-3.4,7.7,26.8,7.5
752,20-01-23,0.0,0.4,6.5,-1.8,9.8,32.8,9.7
753,20-01-24,0.0,-0.7,10.1,-4.2,7.3,46.2,8.0
754,20-01-25,0.0,0.8,6.8,-1.4,8.8,51.5,9.7
755,20-01-26,0.0,-0.2,9.0,-3.3,11.9,32.4,11.6
756,20-01-27,0.1,5.3,31.3,0.3,7.5,36.8,7.8
757,20-01-28,0.0,5.0,16.9,1.5,9.8,38.1,10.0
758,20-01-29,0.0,3.4,14.8,-0.2,9.6,39.3,9.8
759,20-01-30,0.0,1.6,9.4,-1.3,10.4,31.6,10.1
760,20-01-31,0.0,1.9,9.4,-0.9,8.8,47.5,9.5
761,20-02-01,0.0,0.7,14.4,-3.4,7.6,45.8,8.3
762,20-02-02,0.0,-2.0,6.5,-4.5,5.3,29.9,5.5
763,20-02-03,0.0,-2.1,16.6,-7.3,2.9,24.9,3.3
764,20-02-04,1.7,-5.0,28.1,-12.8,3.9,42.3,4.7
765,20-02-05,0.0,-10.9,19.1,-18.8,-4.9,29.2,-3.4
766,20-02-06,0.0,-11.7,15.1,-18.9,0.4,22.5,1.1
767,20-02-07,0.0,-7.1,5.4,-9.9,2.2,35.6,2.9
768,20-02-08,0.0,-2.1,19.8,-7.9,3.7,29.1,4.1
769,20-02-09,0.0,-5.5,10.1,-9.9,4.0,36.0,4.6
770,20-02-10,0.0,-0.6,7.6,-3.3,9.6,26.8,9.2
771,20-02-11,0.0,-0.4,14.4,-4.8,14.6,18.0,12.9
772,20-02-12,6.7,6.5,20.2,2.9,8.2,94.3,11.2
773,20-02-13,0.0,5.3,10.4,2.9,7.8,96.2,10.9
774,20-02-14,0.0,3.5,8.6,1.2,14.7,43.0,14.8
775,20-02-15,2.0,6.2,17.3,2.9,15.6,37.6,15.3
776,20-02-16,13.4,-3.6,23.4,-10.3,7.7,93.5,10.7
777,20-02-17,1.0,-6.9,24.8,-14.7,-3.9,82.7,-1.4
778,20-02-18,0.0,-7.8,16.6,-14.4,1.2,29.8,1.9
779,20-02-19,0.0,-4.3,10.4,-8.6,6.3,46.5,7.1
780,20-02-20,0.0,-0.6,7.6,-3.3,10.8,41.2,11.0
781,20-02-21,4.2,2.2,11.2,-1.0,10.9,43.5,11.3
782,20-02-22,3.1,0.9,24.8,-4.7,7.0,93.1,10.0
783,20-02-23,0.0,-1.2,11.2,-5.1,8.0,31.7,8.0
784,20-02-24,0.0,0.9,8.3,-1.8,12.1,37.2,12.0
785,20-02-25,16.6,5.5,25.9,1.1,9.4,59.9,10.7
786,20-02-26,0.0,3.2,10.8,0.3,10.4,45.8,10.9
787,20-02-27,0.0,1.5,12.2,-2.0,12.5,26.8,11.7
788,20-02-28,3.9,4.2,12.2,1.2,4.7,94.0,7.7
789,20-02-29,0.5,4.5,10.1,2.0,13.0,44.0,13.3
790,20-03-01,0.2,3.7,16.2,0.0,10.1,58.8,11.3
791,20-03-02,0.0,0.2,18.4,-4.7,7.5,34.9,7.7
792,20-03-03,0.0,0.7,14.8,-3.5,10.2,43.3,10.6
793,20-03-04,0.0,-0.3,25.2,-6.3,4.2,70.3,6.1
794,20-03-05,0.0,-2.8,13.7,-7.6,6.3,31.3,6.5
795,20-03-06,0.0,-2.0,9.4,-5.5,10.1,17.4,9.1
796,20-03-07,0.0,1.6,10.4,-1.5,14.1,21.3,12.8
797,20-03-08,0.0,2.4,7.9,0.1,16.9,21.8,15.2
798,20-03-09,0.0,5.0,7.6,3.2,17.5,22.4,15.8
799,20-03-10,11.8,3.3,20.2,-1.1,10.8,40.2,11.0
800,20-03-11,0.0,0.0,16.2,-4.6,8.3,28.2,8.1
801,20-03-12,0.0,0.2,9.4,-2.9,13.3,23.0,12.2
802,20-03-13,0.5,0.2,16.2,-4.4,7.6,77.1,9.8
803,20-03-14,0.0,-2.6,9.4,-6.2,8.6,37.4,8.8
804,20-03-15,0.0,0.3,14.8,-4.0,8.5,22.6,8.0
805,20-03-16,0.0,-0.9,14.8,-5.5,9.1,18.5,8.3
806,20-03-17,0.0,3.2,14.4,-0.4,12.1,52.6,12.9
807,20-03-18,0.0,2.8,7.6,0.7,16.8,19.4,14.9
808,20-03-19,0.0,6.1,22.0,2.2,12.0,66.3,13.6
809,20-03-20,0.0,4.3,11.9,1.4,14.0,16.3,12.3
810,20-03-21,0.0,8.0,15.5,5.4,19.4,39.9,19.0
811,20-03-22,0.0,6.1,16.6,2.9,11.9,77.6,14.1
812,20-03-23,0.0,5.6,13.7,2.7,16.9,26.2,15.6
813,20-03-24,0.0,5.4,7.9,3.6,17.9,19.7,15.9
814,20-03-25,0.0,6.2,8.3,4.5,19.2,18.8,16.9
815,20-03-26,1.8,8.1,9.0,6.6,20.4,29.7,19.1
816,20-03-27,2.0,7.2,18.4,4.0,14.1,95.9,17.3
817,20-03-28,0.0,4.6,23.0,0.2,12.8,11.9,10.9
818,20-03-29,0.0,1.4,10.1,-1.7,16.0,20.0,14.3
819,20-03-30,0.0,5.3,8.3,3.4,16.9,19.9,15.1
820,20-03-31,0.0,4.7,6.1,3.3,18.5,22.9,16.7
821,20-04-01,0.0,6.9,13.3,4.3,17.4,26.7,16.1
822,20-04-02,0.0,3.5,8.3,1.3,15.4,28.9,14.5
823,20-04-03,0.0,5.5,11.2,3.0,16.3,25.5,15.0
824,20-04-04,0.0,6.5,24.8,2.5,13.3,12.5,11.4
825,20-04-05,0.0,1.9,13.3,-1.8,13.7,15.3,11.9
826,20-04-06,0.0,3.5,8.3,1.3,16.0,24.1,14.6
827,20-04-07,0.0,6.2,8.3,4.5,16.7,41.8,16.6
828,20-04-08,0.0,5.3,13.7,2.3,14.1,17.0,12.4
829,20-04-09,0.0,4.3,10.1,1.8,14.7,33.7,14.2
830,20-04-10,0.0,5.8,13.7,2.9,16.8,33.8,16.1
831,20-04-11,0.0,6.5,9.7,4.5,16.0,41.7,15.9
832,20-04-12,0.0,4.7,11.2,2.0,15.6,43.1,15.6
833,20-04-13,0.0,5.1,22.0,1.0,19.9,19.5,17.6
834,20-04-14,0.0,7.8,5.8,7.0,19.6,27.5,18.1
835,20-04-15,0.0,7.4,5.0,6.8,20.1,28.9,18.7
836,20-04-16,0.0,9.1,15.1,6.8,23.8,25.1,21.7
837,20-04-17,6.5,0.0,0.0,0.0,13.7,86.2,16.4
838,20-04-18,0.0,8.7,13.3,6.5,19.6,46.4,19.7
839,20-04-19,10.3,9.5,16.6,7.1,15.0,60.7,16.2
840,20-04-20,0.1,8.7,23.8,5.4,12.9,71.2,14.7
841,20-04-21,0.0,5.5,32.0,0.5,10.1,41.8,10.4
842,20-04-22,0.0,4.1,18.7,0.1,8.2,42.9,8.7
843,20-04-23,0.0,3.7,14.4,0.2,12.8,37.7,12.7
844,20-04-24,0.0,4.5,9.0,2.3,14.2,44.1,14.4
845,20-04-25,0.0,0.0,0.0,0.0,17.0,55.3,17.8
846,20-04-26,0.0,6.8,10.1,4.8,18.9,22.0,17.0
847,20-04-27,0.0,8.7,9.7,7.1,18.3,27.0,16.9
848,20-04-28,0.0,7.8,8.6,6.3,19.9,29.1,18.5
849,20-04-29,0.0,9.3,8.3,8.1,21.0,31.6,19.7
850,20-04-30,0.0,9.3,7.9,8.2,23.4,46.5,23.3
851,20-05-01,0.0,0.0,0.0,0.0,26.1,55.2,26.7
852,20-05-02,0.0,0.0,0.0,0.0,23.5,70.4,25.3
853,20-05-03,0.0,0.0,0.0,0.0,27.3,49.0,27.3
854,20-05-04,0.0,0.0,0.0,0.0,25.1,53.8,25.6
855,20-05-05,0.0,0.0,0.0,0.0,19.3,64.7,20.7
856,20-05-06,0.0,0.0,0.0,0.0,27.3,25.5,24.9
857,20-05-07,0.0,0.0,0.0,0.0,26.5,21.4,23.6
858,20-05-08,2.3,0.0,0.0,0.0,27.2,14.2,23.1
859,20-05-09,24.4,0.0,0.0,0.0,16.7,96.3,20.1
860,20-05-10,1.3,0.0,0.0,0.0,16.5,83.5,19.1
861,20-05-11,3.4,0.0,0.0,0.0,20.8,45.5,20.8
862,20-05-12,0.7,0.0,0.0,0.0,18.9,61.1,20.0
863,20-05-13,0.0,0.0,0.0,0.0,21.2,35.2,20.3
864,20-05-14,0.0,0.0,0.0,0.0,25.2,23.5,22.7
865,20-05-15,12.0,0.0,0.0,0.0,19.2,50.6,19.6
866,20-05-16,2.5,0.0,0.0,0.0,20.3,76.9,22.5
867,20-05-17,0.0,0.0,0.0,0.0,24.8,60.5,25.8
868,20-05-18,29.8,0.0,0.0,0.0,26.7,52.5,27.0
869,20-05-19,19.0,0.0,0.0,0.0,16.1,78.9,18.4
870,20-05-20,0.0,9.6,13.3,7.6,20.1,48.5,20.3
871,20-05-21,0.0,0.0,0.0,0.0,22.9,44.0,22.6
872,20-05-22,0.0,0.0,0.0,0.0,22.5,59.4,23.5
873,20-05-23,0.0,0.0,0.0,0.0,24.9,48.0,24.9
874,20-05-24,14.5,0.0,0.0,0.0,20.2,75.5,22.3
875,20-05-25,0.0,0.0,0.0,0.0,21.3,68.4,22.9
876,20-05-26,1.5,0.0,0.0,0.0,22.4,58.6,23.3
877,20-05-27,0.0,0.0,0.0,0.0,23.5,51.0,23.8
878,20-05-28,0.0,0.0,0.0,0.0,23.4,45.9,23.3
879,20-05-29,0.0,0.0,0.0,0.0,27.5,40.2,26.7
880,20-05-30,0.0,0.0,0.0,0.0,30.0,31.6,28.1
881,20-05-31,1.0,0.0,0.0,0.0,27.9,42.9,27.3
882,20-06-01,0.4,0.0,0.0,0.0,24.4,39.9,23.7
883,20-06-02,2.0,0.0,0.0,0.0,21.6,52.7,22.1
884,20-06-03,0.0,0.0,0.0,0.0,28.2,51.1,28.4
885,20-06-04,0.2,0.0,0.0,0.0,26.5,60.3,27.5
886,20-06-05,0.0,0.0,0.0,0.0,28.7,48.5,28.6
887,20-06-06,0.0,0.0,0.0,0.0,30.4,44.1,29.9
888,20-06-07,0.0,0.0,0.0,0.0,29.0,49.4,29.0
889,20-06-08,0.0,0.0,0.0,0.0,32.0,43.0,31.3
890,20-06-09,0.0,0.0,0.0,0.0,32.6,40.7,31.6
891,20-06-10,6.2,0.0,0.0,0.0,31.9,45.6,31.5
892,20-06-11,0.0,0.0,0.0,0.0,31.6,45.7,31.2
893,20-06-12,0.0,0.0,0.0,0.0,27.5,56.2,28.2
894,20-06-13,0.0,0.0,0.0,0.0,33.2,38.9,32.0
895,20-06-14,1.1,0.0,0.0,0.0,28.7,52.6,29.0
896,20-06-15,0.0,0.0,0.0,0.0,27.1,52.9,27.5
897,20-06-16,0.0,0.0,0.0,0.0,30.5,43.1,29.9
898,20-06-17,0.0,0.0,0.0,0.0,30.3,45.2,29.9
899,20-06-18,0.0,0.0,0.0,0.0,27.2,48.8,27.2
900,20-06-19,0.1,0.0,0.0,0.0,29.9,48.0,29.8
901,20-06-20,0.0,0.0,0.0,0.0,29.7,50.1,29.8
902,20-06-21,0.0,0.0,0.0,0.0,32.6,39.6,31.5
903,20-06-22,0.0,0.0,0.0,0.0,35.3,30.7,32.9
904,20-06-23,0.0,0.0,0.0,0.0,31.0,44.1,30.4
905,20-06-24,37.6,0.0,0.0,0.0,26.1,66.7,27.6
906,20-06-25,13.3,0.0,0.0,0.0,22.6,91.1,25.8
907,20-06-26,2.1,0.0,0.0,0.0,25.6,67.8,27.2
908,20-06-27,0.0,0.0,0.0,0.0,29.5,55.1,30.0
909,20-06-28,0.0,0.0,0.0,0.0,30.0,52.3,30.3
910,20-06-29,11.9,0.0,0.0,0.0,26.5,67.4,28.1
911,20-06-30,64.7,0.0,0.0,0.0,23.0,70.8,24.8
912,20-07-01,0.0,0.0,0.0,0.0,24.2,69.0,25.9
913,20-07-02,0.0,0.0,0.0,0.0,29.8,54.1,30.2
914,20-07-03,0.1,0.0,0.0,0.0,29.6,56.5,30.3
915,20-07-04,1.6,0.0,0.0,0.0,29.4,43.8,28.9
916,20-07-05,0.0,0.0,0.0,0.0,27.6,54.4,28.1
917,20-07-06,0.0,0.0,0.0,0.0,30.9,50.9,31.0
918,20-07-07,0.0,0.0,0.0,0.0,28.0,62.4,29.2
919,20-07-08,0.0,0.0,0.0,0.0,30.3,57.0,31.0
920,20-07-09,0.0,0.0,0.0,0.0,32.9,42.5,32.1
921,20-07-10,2.2,0.0,0.0,0.0,27.2,67.2,28.7
922,20-07-11,0.0,0.0,0.0,0.0,30.2,52.2,30.5
923,20-07-12,2.9,0.0,0.0,0.0,26.0,64.1,27.3
924,20-07-13,47.6,0.0,0.0,0.0,21.7,88.7,24.7
925,20-07-14,11.5,0.0,0.0,0.0,24.1,68.2,25.7
926,20-07-15,0.0,0.0,0.0,0.0,28.6,46.0,28.3
927,20-07-16,0.0,0.0,0.0,0.0,29.6,60.1,30.6
928,20-07-17,0.0,0.0,0.0,0.0,31.6,54.1,32.0
929,20-07-18,0.0,0.0,0.0,0.0,31.0,55.7,31.6
930,20-07-19,29.1,0.0,0.0,0.0,26.5,79.3,29.0
931,20-07-20,3.6,0.0,0.0,0.0,26.6,83.5,29.4
932,20-07-21,0.0,0.0,0.0,0.0,30.3,56.1,30.9
933,20-07-22,11.5,0.0,0.0,0.0,25.6,84.0,28.4
934,20-07-23,103.1,0.0,0.0,0.0,22.5,94.1,25.9
935,20-07-24,2.9,0.0,0.0,0.0,26.7,64.6,28.0
936,20-07-25,0.0,0.0,0.0,0.0,28.9,57.8,29.7
937,20-07-26,0.0,0.0,0.0,0.0,29.4,60.5,30.4
938,20-07-27,2.2,0.0,0.0,0.0,25.3,88.5,28.4
939,20-07-28,0.4,0.0,0.0,0.0,26.4,76.0,28.6
940,20-07-29,50.1,0.0,0.0,0.0,24.9,95.6,28.5
941,20-07-30,0.1,0.0,0.0,0.0,28.2,75.7,30.4
942,20-07-31,1.5,0.0,0.0,0.0,29.6,72.2,31.6
943,20-08-01,39.1,0.0,0.0,0.0,26.8,88.6,30.0
944,20-08-02,31.4,0.0,0.0,0.0,26.3,95.8,29.9
945,20-08-03,102.6,0.0,0.0,0.0,26.3,89.4,29.5
946,20-08-04,3.9,0.0,0.0,0.0,29.2,80.1,31.8
947,20-08-05,18.5,0.0,0.0,0.0,29.1,84.1,32.0
948,20-08-06,75.7,0.0,0.0,0.0,25.4,96.5,29.1
949,20-08-07,0.0,0.0,0.0,0.0,26.1,82.0,28.8
950,20-08-08,19.1,0.0,0.0,0.0,26.0,85.3,28.9
951,20-08-09,50.3,0.0,0.0,0.0,25.8,90.6,29.1
952,20-08-10,44.6,0.0,0.0,0.0,29.5,81.0,32.2
953,20-08-11,97.0,0.0,0.0,0.0,27.3,82.1,30.0
954,20-08-12,0.0,0.0,0.0,0.0,31.3,70.6,33.2
955,20-08-13,0.0,0.0,0.0,0.0,30.3,74.9,32.5
956,20-08-14,0.4,0.0,0.0,0.0,27.9,85.8,30.9
957,20-08-15,69.0,0.0,0.0,0.0,27.0,95.1,30.6
958,20-08-16,0.0,0.0,0.0,0.0,30.6,72.6,32.6
959,20-08-17,0.0,0.0,0.0,0.0,32.2,63.4,33.5
960,20-08-18,0.0,0.0,0.0,0.0,31.9,63.6,33.2
961,20-08-19,0.0,0.0,0.0,0.0,31.4,63.9,32.7
962,20-08-20,0.0,0.0,0.0,0.0,31.6,62.8,32.8
963,20-08-21,2.5,0.0,0.0,0.0,29.2,77.1,31.5
964,20-08-22,42.6,0.0,0.0,0.0,27.6,79.0,30.1
965,20-08-23,0.0,0.0,0.0,0.0,29.9,61.8,31.0
966,20-08-24,0.0,0.0,0.0,0.0,31.9,61.0,33.0
967,20-08-25,0.0,0.0,0.0,0.0,34.3,53.5,34.6
968,20-08-26,0.6,0.0,0.0,0.0,34.2,57.8,35.0
969,20-08-27,8.7,0.0,0.0,0.0,28.6,78.9,31.1
970,20-08-28,13.6,0.0,0.0,0.0,29.5,81.1,32.2
971,20-08-29,13.6,0.0,0.0,0.0,28.9,81.3,31.6
972,20-08-30,42.5,0.0,0.0,0.0,30.6,77.3,33.0
973,20-08-31,0.0,0.0,0.0,0.0,30.0,70.0,31.8
974,20-09-01,0.0,0.0,0.0,0.0,29.5,65.7,31.0
975,20-09-02,33.3,0.0,0.0,0.0,26.4,80.1,28.9
976,20-09-03,29.8,0.0,0.0,0.0,25.6,65.2,27.0
977,20-09-04,0.0,0.0,0.0,0.0,26.7,53.1,27.1
978,20-09-05,0.0,0.0,0.0,0.0,27.2,59.3,28.1
979,20-09-06,6.4,0.0,0.0,0.0,24.4,66.4,25.9
980,20-09-07,61.0,0.0,0.0,0.0,20.2,98.8,23.8
981,20-09-08,0.0,0.0,0.0,0.0,26.4,60.0,27.4
982,20-09-09,1.3,0.0,0.0,0.0,25.1,73.0,27.1
983,20-09-10,3.9,0.0,0.0,0.0,27.0,59.1,27.9
984,20-09-11,1.2,0.0,0.0,0.0,26.9,57.3,27.6
985,20-09-12,5.7,0.0,0.0,0.0,23.2,79.0,25.6
986,20-09-13,0.0,0.0,0.0,0.0,26.6,53.1,27.0
987,20-09-14,0.0,0.0,0.0,0.0,24.9,64.1,26.2
988,20-09-15,0.0,0.0,0.0,0.0,27.1,62.6,28.3
989,20-09-16,0.3,0.0,0.0,0.0,24.8,74.2,26.8
990,20-09-17,0.0,0.0,0.0,0.0,21.2,87.5,24.1
991,20-09-18,0.0,0.0,0.0,0.0,24.5,58.4,25.3
992,20-09-19,0.3,0.0,0.0,0.0,24.6,48.7,24.7
993,20-09-20,0.0,0.0,0.0,0.0,24.7,43.2,24.3
994,20-09-21,0.0,0.0,0.0,0.0,25.2,37.7,24.3
995,20-09-22,0.0,0.0,0.0,0.0,25.4,41.8,24.8
996,20-09-23,0.0,0.0,0.0,0.0,23.7,53.2,24.2
997,20-09-24,0.0,0.0,0.0,0.0,25.4,50.2,25.6
998,20-09-25,0.0,0.0,0.0,0.0,25.4,50.1,25.6
999,20-09-26,0.0,0.0,0.0,0.0,24.7,48.1,24.7
1000,20-09-27,0.0,0.0,0.0,0.0,25.8,47.8,25.7
1001,20-09-28,0.0,0.0,0.0,0.0,26.2,47.8,26.1
1002,20-09-29,0.0,0.0,0.0,0.0,23.8,52.2,24.2
1003,20-09-30,38.3,0.0,0.0,0.0,25.6,51.7,25.9
1004,20-10-01,0.0,0.0,0.0,0.0,23.6,60.9,24.7
1005,20-10-02,0.0,0.0,0.0,0.0,21.7,68.3,23.3
1006,20-10-03,0.0,0.0,0.0,0.0,23.1,60.6,24.1
1007,20-10-04,0.0,0.0,0.0,0.0,21.8,43.9,21.6
1008,20-10-05,0.0,8.5,6.5,7.6,18.4,44.8,18.4
1009,20-10-06,0.0,9.3,6.5,8.5,19.6,39.9,19.2
1010,20-10-07,0.0,10.0,11.9,8.3,21.8,30.0,20.4
1011,20-10-08,0.0,0.0,0.0,0.0,23.1,42.0,22.7
1012,20-10-09,0.0,0.0,0.0,0.0,23.2,44.8,23.0
1013,20-10-10,0.0,0.0,0.0,0.0,21.4,45.0,21.3
1014,20-10-11,0.0,0.0,0.0,0.0,20.7,56.3,21.5
1015,20-10-12,0.0,0.0,0.0,0.0,21.2,62.5,22.4
1016,20-10-13,0.0,8.7,11.2,6.9,18.4,37.8,17.9
1017,20-10-14,0.0,8.7,14.0,6.4,16.9,64.4,18.2
1018,20-10-15,0.0,6.6,10.1,4.5,18.4,31.0,17.4
1019,20-10-16,0.0,8.7,9.4,7.2,15.4,58.0,16.4
1020,20-10-17,0.0,8.7,9.0,7.3,18.2,39.0,17.8
1021,20-10-18,0.0,7.3,8.6,5.7,20.2,46.3,20.2
1022,20-10-19,0.0,9.9,8.3,8.8,21.3,48.3,21.4
1023,20-10-20,0.0,9.9,7.6,9.0,21.7,45.7,21.6
1024,20-10-21,0.0,0.0,0.0,0.0,17.3,60.2,18.4
1025,20-10-22,0.0,8.5,14.0,6.2,17.0,74.9,19.0
1026,20-10-23,0.0,5.4,11.5,2.8,13.3,36.4,13.1
1027,20-10-24,0.0,3.9,13.0,0.7,13.9,31.7,13.3
1028,20-10-25,0.0,5.6,9.4,3.5,18.2,37.5,17.6
1029,20-10-26,0.0,8.4,9.0,6.9,19.0,49.0,19.3
1030,20-10-27,0.0,9.0,8.6,7.7,19.2,57.7,20.1
1031,20-10-28,0.0,9.0,9.0,7.6,14.8,89.2,17.7
1032,20-10-29,0.0,5.8,9.4,3.7,16.1,26.3,14.9
1033,20-10-30,0.0,5.9,10.1,3.7,19.5,23.4,17.7
1034,20-10-31,0.0,8.8,13.3,6.7,18.1,52.7,18.7
1035,20-11-01,13.6,0.0,0.0,0.0,14.1,95.3,17.3
1036,20-11-02,1.7,8.1,13.0,5.9,15.4,28.1,14.4
1037,20-11-03,0.5,2.9,15.8,-1.0,8.6,83.0,11.1
1038,20-11-04,0.0,0.4,14.4,-3.8,10.8,26.3,10.2
1039,20-11-05,0.0,3.8,13.3,0.6,15.8,43.9,15.9
1040,20-11-06,0.0,0.0,0.0,0.0,17.2,54.6,17.9
1041,20-11-07,0.1,0.0,0.0,0.0,17.9,48.6,18.2
1042,20-11-08,0.0,4.2,13.3,1.0,12.4,82.6,14.8
1043,20-11-09,0.0,1.0,9.4,-2.0,8.9,33.5,8.9
1044,20-11-10,0.0,3.6,8.6,1.3,12.9,34.5,12.6
1045,20-11-11,0.0,3.6,9.4,1.1,16.5,33.0,15.8
1046,20-11-12,0.0,4.6,9.7,2.2,17.6,35.4,17.0
1047,20-11-13,0.0,8.6,10.1,6.9,17.5,58.8,18.5
1048,20-11-14,0.0,6.8,9.0,5.0,19.3,40.2,18.9
1049,20-11-15,0.0,8.2,5.4,7.6,14.7,69.4,16.4
1050,20-11-16,0.0,7.5,9.0,5.8,18.3,47.3,18.5
1051,20-11-17,0.1,0.0,0.0,0.0,20.0,53.7,20.6
1052,20-11-18,12.2,0.0,0.0,0.0,18.6,80.7,21.0
1053,20-11-19,86.9,6.9,26.3,2.8,18.9,99.0,22.5
1054,20-11-20,0.0,0.6,13.7,-3.4,7.0,86.3,9.6
1055,20-11-21,0.2,0.2,22.7,-5.4,12.8,50.0,13.4
1056,20-11-22,4.8,1.5,12.6,-2.1,9.1,76.1,11.2
1057,20-11-23,0.0,-0.3,15.5,-4.9,5.9,43.9,6.6
1058,20-11-24,0.0,0.6,12.2,-3.1,6.2,50.9,7.2
1059,20-11-25,0.0,0.2,12.6,-3.7,9.5,50.1,10.3
1060,20-11-26,0.0,1.9,9.7,-1.0,10.7,47.6,11.3
1061,20-11-27,0.0,0.6,11.2,-2.9,7.7,49.3,8.5
1062,20-11-28,0.0,-2.1,16.9,-7.4,2.8,36.3,3.5
1063,20-11-29,0.0,-3.6,9.4,-7.4,2.6,59.1,4.0
1064,20-11-30,0.0,-3.4,7.6,-6.6,4.3,40.4,5.0
1065,20-12-01,0.0,-3.4,9.4,-7.2,6.6,30.3,6.7
1066,20-12-02,0.0,0.9,14.4,-3.2,6.1,27.3,6.1
1067,20-12-03,0.0,-1.7,15.5,-6.6,4.2,38.1,4.8
1068,20-12-04,0.0,-4.1,9.7,-8.1,4.4,32.1,4.8
1069,20-12-05,0.0,-2.2,10.1,-6.0,6.6,52.3,7.6
1070,20-12-06,0.0,1.2,7.6,-1.2,9.0,50.2,9.8
1071,20-12-07,0.0,-0.7,13.3,-4.9,5.2,73.5,7.2
1072,20-12-08,0.0,-2.6,17.6,-8.1,4.1,30.6,4.4
1073,20-12-09,0.0,-4.0,10.1,-8.1,6.2,41.4,6.8
1074,20-12-10,0.0,3.4,10.8,0.6,9.3,65.6,10.8
1075,20-12-11,0.0,2.6,9.0,0.0,9.4,58.8,10.6
1076,20-12-12,0.0,-0.3,7.9,-3.1,4.4,79.4,6.7
1077,20-12-13,2.9,-5.9,20.9,-12.8,1.2,93.3,4.1
1078,20-12-14,0.0,-9.2,19.4,-16.7,-5.0,32.9,-3.5
1079,20-12-15,0.0,-10.3,18.0,-17.8,-4.7,31.0,-3.2
1080,20-12-16,0.0,-10.5,19.8,-18.5,-3.9,30.6,-2.5
1081,20-12-17,0.0,-10.8,11.2,-16.6,0.8,26.4,1.5
1082,20-12-18,0.2,-4.9,24.1,-12.1,1.8,43.0,2.8
1083,20-12-19,0.0,-9.3,13.7,-15.5,-1.2,33.8,-0.2
1084,20-12-20,0.0,-8.2,9.7,-13.0,1.1,32.4,1.8
1085,20-12-21,0.0,-5.9,9.7,-10.3,4.7,47.4,5.6
1086,20-12-22,0.0,-2.5,9.0,-6.0,7.2,43.5,7.8
1087,20-12-23,0.0,-0.2,9.4,-3.4,8.4,65.4,10.0
1088,20-12-24,0.0,-0.9,18.7,-6.2,6.0,89.7,8.8
1089,20-12-25,0.0,-3.7,11.9,-8.3,3.5,35.3,4.1
1090,20-12-26,0.0,-2.1,9.7,-5.7,7.9,53.1,8.9
1091,20-12-27,0.0,1.4,9.4,-1.5,10.0,50.7,10.8
1092,20-12-28,1.3,4.2,8.6,2.0,11.4,57.8,12.5
1093,20-12-29,0.2,-5.6,24.1,-13.0,4.3,73.4,6.3
1094,20-12-30,0.0,-12.0,27.7,-21.8,-6.2,53.4,-4.4
1095,20-12-31,0.0,-12.4,16.9,-20.2,-5.0,47.6,-3.4
1096,21-01-01,0.0,-9.3,11.2,-14.8,1.6,52.8,2.9
1097,21-01-02,0.0,-6.4,19.1,-13.2,-1.4,31.4,-0.4
1098,21-01-03,0.0,-7.8,14.4,-13.9,-2.0,32.5,-0.9
1099,21-01-04,0.0,-8.1,14.0,-14.2,0.3,41.5,1.4
1100,21-01-05,0.0,-7.7,23.0,-15.5,-2.1,72.5,0.0
1101,21-01-06,2.3,-11.9,9.4,-17.3,-1.9,27.6,-0.9
1102,21-01-07,0.0,-16.2,29.2,-27.5,-8.4,71.9,-6.2
1103,21-01-08,0.0,-17.8,22.7,-28.3,-10.7,36.3,-8.6
1104,21-01-09,0.0,-15.4,16.2,-23.7,-7.5,39.4,-5.7
1105,21-01-10,0.0,-12.7,9.7,-18.4,-2.7,38.7,-1.4
1106,21-01-11,0.0,-8.6,11.5,-14.1,-4.0,51.6,-2.4
1107,21-01-12,2.6,-9.3,12.2,-15.1,-0.7,91.3,2.1
1108,21-01-13,0.0,-3.0,10.8,-7.1,8.3,65.7,9.9
1109,21-01-14,0.0,-3.5,8.3,-7.0,7.0,30.0,7.0
1110,21-01-15,0.2,-0.6,14.4,-5.0,9.9,81.5,12.3
1111,21-01-16,0.0,-8.6,20.2,-16.1,-0.7,73.8,1.4
1112,21-01-17,0.0,-9.5,14.4,-16.0,-1.3,39.3,-0.1
1113,21-01-18,0.3,-8.0,23.4,-15.9,-0.4,85.8,2.2
1114,21-01-19,0.0,-9.8,23.8,-18.3,-0.2,21.0,0.6
1115,21-01-20,0.0,-6.2,18.7,-12.8,7.1,25.1,6.9
1116,21-01-21,9.2,2.6,13.7,-1.0,6.6,60.2,8.0
1117,21-01-22,0.1,5.2,13.0,2.3,6.6,90.9,9.5
1118,21-01-23,0.0,5.2,18.4,1.5,12.2,50.5,12.8
1119,21-01-24,0.0,2.7,11.2,-0.4,13.9,44.2,14.1
1120,21-01-25,0.0,3.1,12.2,-0.1,13.9,43.2,14.0
1121,21-01-26,1.7,1.9,8.6,-0.7,6.9,86.0,9.5
1122,21-01-27,0.0,-1.8,8.3,-5.0,6.5,23.8,6.3
1123,21-01-28,2.0,-9.6,33.1,-19.4,0.7,93.3,3.6
1124,21-01-29,0.0,-11.1,28.1,-20.7,-4.9,33.3,-3.4
1125,21-01-30,0.5,-8.1,10.4,-13.1,5.1,47.1,6.0
1126,21-01-31,0.0,-3.1,18.7,-8.9,8.7,40.3,9.0
1127,21-02-01,0.7,-2.3,28.1,-9.3,9.5,73.9,11.5
1128,21-02-02,0.0,-8.0,20.9,-15.5,-2.4,47.8,-1.0
1129,21-02-03,3.4,-7.9,18.0,-14.8,0.1,95.4,3.1
1130,21-02-04,0.1,-7.3,16.2,-13.7,0.3,97.7,3.4
1131,21-02-05,0.0,-3.9,13.7,-8.9,6.7,64.9,8.3
1132,21-02-06,0.0,4.8,14.4,1.6,9.5,74.2,11.5
1133,21-02-07,0.0,-1.2,25.2,-7.5,7.3,88.9,10.1
1134,21-02-08,0.0,-5.3,19.8,-11.9,0.2,30.4,1.0
1135,21-02-09,0.0,-4.8,11.9,-9.6,4.7,34.6,5.1
1136,21-02-10,0.0,-1.5,10.1,-5.1,7.2,65.5,8.8
1137,21-02-11,0.0,2.5,9.0,-0.1,10.8,49.7,11.5
1138,21-02-12,0.0,0.6,9.4,-2.4,14.0,34.7,13.6
1139,21-02-13,0.0,1.2,8.6,-1.5,15.9,26.6,14.7
1140,21-02-14,0.0,6.6,9.4,4.7,13.8,35.5,13.5
1141,21-02-15,1.4,-5.2,20.9,-12.0,8.2,59.6,9.5
1142,21-02-16,1.5,-6.9,34.9,-16.1,-1.5,56.3,0.1
1143,21-02-17,0.0,-10.3,27.7,-19.6,-5.2,34.7,-3.7
1144,21-02-18,0.0,-10.5,20.5,-18.6,-0.5,35.7,0.5
1145,21-02-19,0.0,-7.0,12.6,-12.4,8.9,58.6,10.1
1146,21-02-20,0.0,5.5,17.6,2.0,14.7,33.8,14.2
1147,21-02-21,0.0,5.0,10.1,2.6,17.3,51.0,17.8
1148,21-02-22,0.0,0.5,25.6,-5.3,12.5,67.2,14.1
1149,21-02-23,0.0,-2.4,19.8,-8.2,4.3,23.4,4.4
1150,21-02-24,0.0,-2.5,12.2,-6.9,10.1,23.4,9.4
1151,21-02-25,0.0,0.7,9.4,-2.3,8.2,28.8,8.0
1152,21-02-26,0.0,0.5,11.9,-3.2,15.8,19.5,14.1
1153,21-02-27,0.0,4.3,23.0,-0.2,16.2,32.8,15.5
1154,21-02-28,0.0,3.2,13.7,-0.2,10.8,40.6,11.0
1155,21-03-01,67.5,1.0,20.5,-4.1,6.9,100.0,10.2
1156,21-03-02,0.1,0.5,12.2,-3.2,6.9,52.2,7.9
1157,21-03-03,0.0,-1.2,9.4,-4.6,9.7,43.3,10.1
1158,21-03-04,0.0,2.5,10.1,-0.4,13.0,50.2,13.6
1159,21-03-05,0.0,3.2,8.3,0.9,16.2,46.0,16.4
1160,21-03-06,0.0,3.3,20.2,-1.1,11.5,52.2,12.3
1161,21-03-07,0.0,2.2,19.4,-2.4,12.2,46.7,12.7
1162,21-03-08,0.0,1.7,7.9,-0.7,13.9,35.0,13.5
1163,21-03-09,0.0,2.5,11.9,-0.8,12.1,41.6,12.3
1164,21-03-10,0.0,1.7,9.7,-1.2,17.1,31.2,16.2
1165,21-03-11,0.0,4.8,7.6,3.0,17.1,27.8,15.9
1166,21-03-12,0.0,8.0,16.6,5.2,14.9,40.4,14.8
1167,21-03-13,0.0,4.6,10.4,2.1,14.2,42.5,14.3
1168,21-03-14,0.0,5.4,10.4,3.1,14.6,51.0,15.2
1169,21-03-15,1.7,5.1,11.9,2.4,15.7,43.3,15.7
1170,21-03-16,1.3,5.9,24.5,1.7,10.7,93.5,13.7
1171,21-03-17,0.0,1.9,9.4,-0.9,17.3,28.4,16.1
1172,21-03-18,0.0,5.0,10.8,2.5,18.4,33.9,17.6
1173,21-03-19,0.0,0.0,0.0,0.0,20.2,34.7,19.3
1174,21-03-20,5.1,7.7,19.4,4.5,14.7,48.8,15.1
1175,21-03-21,0.3,3.2,21.2,-1.4,7.4,89.7,10.2
1176,21-03-22,0.0,1.5,11.5,-1.9,11.0,40.9,11.2
1177,21-03-23,0.0,2.9,11.9,-0.3,16.4,40.6,16.2
1178,21-03-24,0.0,5.9,10.1,3.7,16.9,40.7,16.7
1179,21-03-25,0.0,6.8,10.8,4.7,19.0,45.8,19.0
1180,21-03-26,0.0,5.3,9.4,3.1,20.6,31.3,19.4
1181,21-03-27,25.5,0.0,0.0,0.0,12.4,99.7,15.8
1182,21-03-28,9.2,7.7,27.7,3.8,13.0,98.7,16.4
1183,21-03-29,0.2,8.5,18.7,5.6,14.6,38.8,14.4
1184,21-03-30,0.0,4.3,9.7,1.9,18.2,27.1,16.8
1185,21-03-31,0.0,5.9,10.1,3.7,22.8,22.7,20.5
1186,21-04-01,0.0,0.0,0.0,0.0,24.0,21.2,21.4
1187,21-04-02,0.0,0.0,0.0,0.0,23.0,27.4,21.2
1188,21-04-03,56.2,0.0,0.0,0.0,17.3,71.2,19.1
1189,21-04-04,0.6,9.6,22.3,6.7,15.8,52.0,16.4
1190,21-04-05,0.0,5.6,11.9,3.0,19.1,24.0,17.4
1191,21-04-06,0.0,9.4,7.6,8.4,19.1,36.6,18.4
1192,21-04-07,0.0,8.7,10.8,6.9,20.4,33.4,19.4
1193,21-04-08,0.0,7.2,12.2,4.9,17.9,30.9,16.9
1194,21-04-09,0.0,7.7,14.8,5.1,19.4,28.2,18.0
1195,21-04-10,0.0,7.8,15.8,5.1,18.8,39.5,18.4
1196,21-04-11,0.0,7.5,9.4,5.8,21.8,27.3,20.1
1197,21-04-12,22.0,0.0,0.0,0.0,17.8,38.8,17.4
1198,21-04-13,8.0,6.6,25.9,2.5,13.0,99.7,16.4
1199,21-04-14,0.0,3.2,7.6,1.1,13.1,40.6,13.1
1200,21-04-15,0.0,6.7,12.6,4.2,18.3,38.9,17.9
1201,21-04-16,0.7,8.6,9.7,7.0,14.6,65.7,16.1
1202,21-04-17,0.0,6.3,7.9,4.7,14.4,46.2,14.7
1203,21-04-18,0.0,5.6,11.5,3.1,15.3,48.1,15.6
1204,21-04-19,0.0,5.9,7.9,4.2,19.4,45.3,19.4
1205,21-04-20,0.0,8.1,9.0,6.6,21.9,37.0,21.1
1206,21-04-21,0.0,0.0,0.0,0.0,28.1,27.0,25.8
1207,21-04-22,0.0,0.0,0.0,0.0,26.9,30.3,25.1
1208,21-04-23,0.0,0.0,0.0,0.0,21.7,33.5,20.6
1209,21-04-24,0.0,0.0,0.0,0.0,22.1,37.1,21.3
1210,21-04-25,0.0,0.0,0.0,0.0,23.9,33.0,22.6
1211,21-04-26,0.0,0.0,0.0,0.0,20.6,49.1,20.8
1212,21-04-27,1.7,0.0,0.0,0.0,20.0,40.8,19.6
1213,21-04-28,4.7,0.0,0.0,0.0,18.2,53.7,18.8
1214,21-04-29,3.9,0.0,0.0,0.0,20.1,38.2,19.5
1215,21-04-30,26.3,9.4,19.8,6.6,14.6,66.4,16.1
1216,21-05-01,8.0,8.7,17.6,6.0,15.2,52.9,15.9
1217,21-05-02,1.7,7.8,23.0,4.3,18.7,49.8,19.1
1218,21-05-03,0.0,8.8,9.4,7.3,20.2,33.1,19.2
1219,21-05-04,19.6,0.0,0.0,0.0,15.8,98.9,19.3
1220,21-05-05,0.1,0.0,0.0,0.0,18.0,48.4,18.3
1221,21-05-06,0.0,8.1,8.6,6.6,23.0,40.0,22.4
1222,21-05-07,8.8,0.0,0.0,0.0,16.4,72.0,18.3
1223,21-05-08,0.0,9.3,11.2,7.6,21.0,41.0,20.6
1224,21-05-09,0.0,10.0,9.7,8.7,21.7,28.4,20.1
1225,21-05-10,0.0,0.0,0.0,0.0,14.6,69.2,16.3
1226,21-05-11,0.0,9.5,13.0,7.6,25.5,32.0,24.0
1227,21-05-12,0.0,0.0,0.0,0.0,27.6,33.3,26.0
1228,21-05-13,0.0,0.0,0.0,0.0,29.5,39.3,28.5
1229,21-05-14,0.0,0.0,0.0,0.0,30.7,39.3,29.6
1230,21-05-15,15.0,0.0,0.0,0.0,26.2,60.0,27.2
1231,21-05-16,66.9,0.0,0.0,0.0,20.8,98.6,24.4
1232,21-05-17,3.1,0.0,0.0,0.0,16.7,90.5,19.7
1233,21-05-18,0.0,0.0,0.0,0.0,24.3,57.2,25.1
1234,21-05-19,0.0,0.0,0.0,0.0,26.0,41.6,25.4
1235,21-05-20,0.9,0.0,0.0,0.0,22.9,52.4,23.3
1236,21-05-21,6.9,0.0,0.0,0.0,17.5,88.2,20.4
1237,21-05-22,0.2,0.0,0.0,0.0,23.7,57.9,24.5
1238,21-05-23,0.0,0.0,0.0,0.0,25.1,50.6,25.3
1239,21-05-24,0.0,0.0,0.0,0.0,24.4,47.2,24.4
1240,21-05-25,8.3,0.0,0.0,0.0,19.3,60.8,20.4
1241,21-05-26,0.0,0.0,0.0,0.0,22.9,38.8,22.2
1242,21-05-27,8.9,0.0,0.0,0.0,18.7,81.6,21.2
1243,21-05-28,12.3,0.0,0.0,0.0,19.6,73.8,21.6
1244,21-05-29,0.3,0.0,0.0,0.0,19.1,67.2,20.6
1245,21-05-30,18.1,0.0,0.0,0.0,26.2,43.5,25.8
1246,21-05-31,4.0,0.0,0.0,0.0,23.8,65.2,25.2
1247,21-06-01,3.2,0.0,0.0,0.0,23.9,62.5,25.1
1248,21-06-02,0.0,0.0,0.0,0.0,29.5,42.2,28.8
1249,21-06-03,18.1,0.0,0.0,0.0,21.9,76.2,24.1
1250,21-06-04,0.0,0.0,0.0,0.0,23.2,47.2,23.2
1251,21-06-05,0.0,0.0,0.0,0.0,24.9,61.1,26.0
1252,21-06-06,0.0,0.0,0.0,0.0,28.2,51.0,28.4
1253,21-06-07,0.0,0.0,0.0,0.0,24.0,60.2,25.0
1254,21-06-08,0.1,0.0,0.0,0.0,29.3,52.1,29.6
1255,21-06-09,0.0,0.0,0.0,0.0,31.6,41.2,30.7
1256,21-06-10,6.1,0.0,0.0,0.0,29.8,46.8,29.6
1257,21-06-11,4.6,0.0,0.0,0.0,24.4,73.4,26.3
1258,21-06-12,0.0,0.0,0.0,0.0,30.1,56.7,30.7
1259,21-06-13,0.0,0.0,0.0,0.0,29.7,55.5,30.3
1260,21-06-14,0.0,0.0,0.0,0.0,30.2,56.0,30.8
1261,21-06-15,1.9,0.0,0.0,0.0,25.3,69.7,27.0
1262,21-06-16,0.0,0.0,0.0,0.0,28.9,48.9,28.9
1263,21-06-17,0.0,0.0,0.0,0.0,24.9,61.0,26.0
1264,21-06-18,6.3,0.0,0.0,0.0,21.1,88.8,24.1
1265,21-06-19,0.0,0.0,0.0,0.0,27.3,58.7,28.2
1266,21-06-20,0.0,0.0,0.0,0.0,29.0,51.4,29.2
1267,21-06-21,0.0,0.0,0.0,0.0,28.4,49.8,28.5
1268,21-06-22,0.0,0.0,0.0,0.0,28.5,47.1,28.3
1269,21-06-23,7.5,0.0,0.0,0.0,27.7,52.3,28.0
1270,21-06-24,0.0,0.0,0.0,0.0,27.9,57.8,28.7
1271,21-06-25,0.0,0.0,0.0,0.0,29.4,51.2,29.6
1272,21-06-26,4.5,0.0,0.0,0.0,26.7,66.0,28.1
1273,21-06-27,38.2,0.0,0.0,0.0,30.8,48.5,30.7
1274,21-06-28,0.1,0.0,0.0,0.0,29.2,60.9,30.2
1275,21-06-29,8.0,0.0,0.0,0.0,28.3,60.0,29.3
1276,21-06-30,6.0,0.0,0.0,0.0,28.7,60.2,29.7
1277,21-07-01,0.0,0.0,0.0,0.0,30.6,56.7,31.3
1278,21-07-02,0.0,0.0,0.0,0.0,31.6,53.0,31.9
1279,21-07-03,60.0,0.0,0.0,0.0,25.7,66.4,27.2
1280,21-07-04,21.4,0.0,0.0,0.0,23.1,98.2,26.8
1281,21-07-05,0.0,0.0,0.0,0.0,26.7,69.7,28.4
1282,21-07-06,0.0,0.0,0.0,0.0,30.0,57.5,30.7
1283,21-07-07,12.7,0.0,0.0,0.0,29.1,69.1,30.8
1284,21-07-08,2.9,0.0,0.0,0.0,29.7,69.8,31.5
1285,21-07-09,0.0,0.0,0.0,0.0,29.2,64.9,30.6
1286,21-07-10,0.5,0.0,0.0,0.0,29.1,66.7,30.6
1287,21-07-11,0.4,0.0,0.0,0.0,27.5,83.5,30.3
1288,21-07-12,0.0,0.0,0.0,0.0,32.3,63.6,33.6
1289,21-07-13,0.0,0.0,0.0,0.0,31.4,66.1,32.9
1290,21-07-14,0.0,0.0,0.0,0.0,33.4,60.5,34.4
1291,21-07-15,0.0,0.0,0.0,0.0,34.5,55.5,35.0
1292,21-07-16,0.0,0.0,0.0,0.0,35.1,51.3,35.2
1293,21-07-17,0.0,0.0,0.0,0.0,32.8,53.6,33.2
1294,21-07-18,0.0,0.0,0.0,0.0,34.0,49.4,33.9
1295,21-07-19,67.4,0.0,0.0,0.0,30.5,62.7,31.7
1296,21-07-20,0.0,0.0,0.0,0.0,31.8,62.1,33.0
1297,21-07-21,0.0,0.0,0.0,0.0,35.1,49.0,35.0
1298,21-07-22,0.0,0.0,0.0,0.0,35.7,41.5,34.7
1299,21-07-23,0.0,0.0,0.0,0.0,35.4,49.2,35.3
1300,21-07-24,0.0,0.0,0.0,0.0,36.5,41.6,35.5
1301,21-07-25,0.0,0.0,0.0,0.0,35.8,44.3,35.1
1302,21-07-26,0.0,0.0,0.0,0.0,35.3,46.2,34.9
1303,21-07-27,0.0,0.0,0.0,0.0,35.7,47.5,35.4
1304,21-07-28,0.0,0.0,0.0,0.0,34.4,56.9,35.1
1305,21-07-29,0.0,0.0,0.0,0.0,33.3,60.7,34.3
1306,21-07-30,0.0,0.0,0.0,0.0,35.3,46.1,34.9
1307,21-07-31,3.0,0.0,0.0,0.0,34.0,57.8,34.7
1308,21-08-01,21.0,0.0,0.0,0.0,28.8,81.7,31.5
1309,21-08-02,1.7,0.0,0.0,0.0,28.6,71.1,30.5
1310,21-08-03,0.0,0.0,0.0,0.0,31.4,66.1,32.9
1311,21-08-04,0.0,0.0,0.0,0.0,33.0,58.2,33.8
1312,21-08-05,0.0,0.0,0.0,0.0,33.7,54.8,34.2
1313,21-08-06,0.0,0.0,0.0,0.0,32.2,61.3,33.3
1314,21-08-07,0.0,0.0,0.0,0.0,32.3,50.8,32.4
1315,21-08-08,12.7,0.0,0.0,0.0,32.0,60.1,33.0
1316,21-08-09,0.0,0.0,0.0,0.0,33.6,45.2,33.1
1317,21-08-10,0.0,0.0,0.0,0.0,32.1,50.9,32.2
1318,21-08-11,0.0,0.0,0.0,0.0,31.5,57.8,32.3
1319,21-08-12,0.0,0.0,0.0,0.0,31.7,57.0,32.4
1320,21-08-13,0.0,0.0,0.0,0.0,30.1,60.6,31.1
1321,21-08-14,0.0,0.0,0.0,0.0,30.4,52.7,30.7
1322,21-08-15,0.0,0.0,0.0,0.0,32.2,45.6,31.8
1323,21-08-16,0.0,0.0,0.0,0.0,32.6,43.8,31.9
1324,21-08-17,9.3,0.0,0.0,0.0,31.2,49.4,31.1
1325,21-08-18,5.6,0.0,0.0,0.0,31.0,48.6,30.9
1326,21-08-19,0.0,0.0,0.0,0.0,31.4,44.8,30.9
1327,21-08-20,0.0,0.0,0.0,0.0,30.6,52.6,30.9
1328,21-08-21,62.8,0.0,0.0,0.0,25.4,83.1,28.1
1329,21-08-22,0.0,0.0,0.0,0.0,26.8,69.6,28.5
1330,21-08-23,7.4,0.0,0.0,0.0,23.9,87.3,26.9
1331,21-08-24,10.5,0.0,0.0,0.0,26.4,93.0,29.8
1332,21-08-25,0.3,0.0,0.0,0.0,27.3,76.2,29.5
1333,21-08-26,0.7,0.0,0.0,0.0,27.7,81.9,30.4
1334,21-08-27,0.9,0.0,0.0,0.0,25.5,87.3,28.5
1335,21-08-28,0.0,0.0,0.0,0.0,28.2,60.7,29.2
1336,21-08-29,0.9,0.0,0.0,0.0,26.3,70.2,28.1
1337,21-08-30,0.0,0.0,0.0,0.0,27.7,63.2,28.9
1338,21-08-31,77.4,0.0,0.0,0.0,23.0,89.7,26.1
1339,21-09-01,0.8,0.0,0.0,0.0,23.9,74.7,26.0
1340,21-09-02,0.0,0.0,0.0,0.0,26.5,61.5,27.6
1341,21-09-03,0.0,0.0,0.0,0.0,29.2,43.0,28.6
1342,21-09-04,0.0,0.0,0.0,0.0,28.6,48.7,28.6
1343,21-09-05,0.0,0.0,0.0,0.0,27.2,55.3,27.7
1344,21-09-06,12.0,0.0,0.0,0.0,26.4,52.9,26.8
1345,21-09-07,29.6,0.0,0.0,0.0,20.9,98.9,24.6
1346,21-09-08,1.6,0.0,0.0,0.0,26.7,63.5,28.0
1347,21-09-09,0.0,0.0,0.0,0.0,29.1,52.2,29.4
1348,21-09-10,0.0,0.0,0.0,0.0,28.9,52.7,29.2
1349,21-09-11,0.0,0.0,0.0,0.0,29.4,52.2,29.7
1350,21-09-12,0.0,0.0,0.0,0.0,29.2,53.2,29.6
1351,21-09-13,0.0,0.0,0.0,0.0,30.2,54.5,30.7
1352,21-09-14,0.0,0.0,0.0,0.0,29.4,46.5,29.1
1353,21-09-15,0.0,0.0,0.0,0.0,28.8,46.9,28.6
1354,21-09-16,0.0,0.0,0.0,0.0,27.2,49.8,27.3
1355,21-09-17,0.0,0.0,0.0,0.0,28.1,50.2,28.2
1356,21-09-18,0.0,0.0,0.0,0.0,29.8,47.2,29.6
1357,21-09-19,0.0,0.0,0.0,0.0,27.3,62.5,28.5
1358,21-09-20,0.0,0.0,0.0,0.0,28.3,50.6,28.4
1359,21-09-21,68.1,0.0,0.0,0.0,26.2,64.2,27.5
1360,21-09-22,4.5,0.0,0.0,0.0,24.0,67.1,25.5
1361,21-09-23,0.0,0.0,0.0,0.0,25.9,50.5,26.1
1362,21-09-24,0.0,0.0,0.0,0.0,26.7,52.2,27.0
1363,21-09-25,0.0,0.0,0.0,0.0,23.1,69.3,24.8
1364,21-09-26,0.0,0.0,0.0,0.0,27.3,51.9,27.6
1365,21-09-27,0.0,0.0,0.0,0.0,25.0,56.4,25.7
1366,21-09-28,1.3,0.0,0.0,0.0,24.3,63.0,25.5
1367,21-09-29,13.1,0.0,0.0,0.0,21.3,98.3,24.9
1368,21-09-30,0.0,0.0,0.0,0.0,25.9,65.3,27.3
1369,21-10-01,13.3,0.0,0.0,0.0,0.0,0.0,0.0
1370,21-10-02,0.0,0.0,0.0,0.0,0.0,0.0,0.0
1371,21-10-03,0.0,0.0,0.0,0.0,0.0,0.0,0.0
1372,21-10-04,3.6,0.0,0.0,0.0,0.0,0.0,0.0
1373,21-10-05,0.0,0.0,0.0,0.0,0.0,0.0,0.0
1374,21-10-06,6.4,0.0,0.0,0.0,0.0,0.0,0.0
1375,21-10-07,4.6,0.0,0.0,0.0,0.0,0.0,0.0
1376,21-10-08,3.5,0.0,0.0,0.0,0.0,0.0,0.0
1377,21-10-09,0.4,0.0,0.0,0.0,0.0,0.0,0.0
1378,21-10-10,14.2,0.0,0.0,0.0,0.0,0.0,0.0
1379,21-10-11,0.3,0.0,0.0,0.0,0.0,0.0,0.0
1380,21-10-12,0.0,0.0,0.0,0.0,0.0,0.0,0.0
1381,21-10-13,0.0,0.0,0.0,0.0,0.0,0.0,0.0
1382,21-10-14,0.0,0.0,0.0,0.0,0.0,0.0,0.0
1383,21-10-15,0.0,0.0,0.0,0.0,0.0,0.0,0.0
1384,21-10-16,0.0,4.3,18.4,0.4,0.0,0.0,0.0
1385,21-10-17,0.0,1.4,28.1,-4.5,0.0,0.0,0.0
1386,21-10-18,5.6,3.0,12.6,-0.3,0.0,0.0,0.0
1387,21-10-19,4.4,7.4,11.2,5.3,0.0,0.0,0.0
1388,21-10-20,0.0,5.0,11.9,2.3,0.0,0.0,0.0
1389,21-10-21,0.0,5.3,7.9,3.5,0.0,0.0,0.0
1390,21-10-22,0.0,5.4,9.0,3.4,0.0,0.0,0.0
1391,21-10-23,0.0,5.7,8.3,3.9,0.0,0.0,0.0
1392,21-10-24,0.0,6.1,7.6,4.5,0.0,0.0,0.0
1393,21-10-25,0.0,9.2,6.5,8.4,0.0,0.0,0.0
1394,21-10-26,0.0,7.7,9.0,6.1,0.0,0.0,0.0
1395,21-10-27,0.0,9.9,13.7,8.0,0.0,0.0,0.0
1396,21-10-28,0.0,7.3,6.8,6.1,0.0,0.0,0.0
1397,21-10-29,0.0,0.0,0.0,0.0,0.0,0.0,0.0
1398,21-10-30,0.0,0.0,0.0,0.0,0.0,0.0,0.0
1399,21-10-31,0.7,9.2,9.7,7.7,0.0,0.0,0.0
1400,21-11-01,0.0,0.0,0.0,0.0,0.0,0.0,0.0
1401,21-11-02,0.0,8.7,7.9,7.5,0.0,0.0,0.0
1402,21-11-03,0.0,7.8,7.2,6.6,0.0,0.0,0.0
1403,21-11-04,0.0,8.5,9.0,7.0,0.0,0.0,0.0
1404,21-11-05,0.0,7.9,8.6,6.4,0.0,0.0,0.0
1405,21-11-06,0.0,8.9,9.4,7.4,0.0,0.0,0.0
1406,21-11-07,0.0,9.8,9.0,8.6,0.0,0.0,0.0
1407,21-11-08,25.7,5.4,27.0,0.8,0.0,0.0,0.0
1408,21-11-09,2.0,3.8,21.2,-0.6,0.0,0.0,0.0
1409,21-11-10,0.3,2.1,19.8,-2.6,0.0,0.0,0.0
1410,21-11-11,0.0,3.5,21.2,-1.0,0.0,0.0,0.0
1411,21-11-12,0.0,2.6,18.7,-1.8,0.0,0.0,0.0
1412,21-11-13,0.0,0.5,9.0,-2.4,0.0,0.0,0.0
1413,21-11-14,0.0,7.9,7.9,6.6,0.0,0.0,0.0
1414,21-11-15,0.0,5.9,7.2,4.4,0.0,0.0,0.0
1415,21-11-16,0.0,4.5,6.8,2.9,0.0,0.0,0.0
1416,21-11-17,0.0,2.7,10.1,-0.1,0.0,0.0,0.0
1417,21-11-18,0.0,7.8,10.8,5.9,0.0,0.0,0.0
1418,21-11-19,0.0,0.0,0.0,0.0,0.0,0.0,0.0
1419,21-11-20,0.0,7.0,10.1,5.0,0.0,0.0,0.0
1420,21-11-21,5.9,7.6,30.2,3.4,0.0,0.0,0.0
1421,21-11-22,1.3,-0.5,21.6,-6.1,0.0,0.0,0.0
1422,21-11-23,0.0,-2.5,19.1,-8.3,0.0,0.0,0.0
1423,21-11-24,0.0,-2.3,9.7,-6.0,0.0,0.0,0.0
1424,21-11-25,0.0,2.6,14.4,-1.1,0.0,0.0,0.0
1425,21-11-26,0.0,-0.3,8.6,-3.3,0.0,0.0,0.0
1426,21-11-27,0.0,-1.3,9.7,-4.8,0.0,0.0,0.0
1427,21-11-28,0.0,-1.3,10.1,-4.9,0.0,0.0,0.0
1428,21-11-29,0.0,2.8,10.1,0.0,0.0,0.0,0.0
1429,21-11-30,27.2,0.9,31.7,-5.5,0.0,0.0,0.0
1430,21-12-01,0.0,-2.6,26.6,-9.5,0.0,0.0,0.0
1431,21-12-02,0.1,-4.6,11.2,-9.2,0.0,0.0,0.0
1432,21-12-03,0.4,-1.8,10.1,-5.5,0.0,0.0,0.0
1433,21-12-04,0.0,-2.7,7.9,-5.9,0.0,0.0,0.0
1434,21-12-05,0.0,-2.3,9.4,-5.9,0.0,0.0,0.0
1435,21-12-06,0.0,-0.6,10.1,-4.1,0.0,0.0,0.0
1436,21-12-07,0.0,3.1,8.3,0.8,0.0,0.0,0.0
1437,21-12-08,0.0,2.0,10.1,-0.9,0.0,0.0,0.0
1438,21-12-09,0.0,2.8,11.9,-0.4,0.0,0.0,0.0
1439,21-12-10,0.7,6.0,11.5,3.6,0.0,0.0,0.0
1440,21-12-11,0.0,5.1,13.3,2.1,0.0,0.0,0.0
1441,21-12-12,0.0,-2.8,25.9,-9.6,0.0,0.0,0.0
1442,21-12-13,0.0,-5.7,16.2,-11.7,0.0,0.0,0.0
1443,21-12-14,1.2,0.0,11.9,-3.8,0.0,0.0,0.0
1444,21-12-15,2.1,5.8,14.4,2.8,0.0,0.0,0.0
1445,21-12-16,0.0,3.5,21.2,-1.0,0.0,0.0,0.0
1446,21-12-17,0.0,-9.0,29.9,-18.2,0.0,0.0,0.0
1447,21-12-18,2.8,-11.2,11.9,-17.3,0.0,0.0,0.0
1448,21-12-19,0.2,-5.3,8.3,-9.1,0.0,0.0,0.0
1449,21-12-20,0.0,-0.8,10.4,-4.4,0.0,0.0,0.0
1450,21-12-21,0.0,1.8,18.7,-2.8,0.0,0.0,0.0
1451,21-12-22,0.0,-1.7,11.9,-5.8,0.0,0.0,0.0
1452,21-12-23,0.0,-1.3,9.4,-4.7,0.0,0.0,0.0
1453,21-12-24,0.2,-7.2,28.4,-15.7,0.0,0.0,0.0
1454,21-12-25,0.0,-13.2,27.0,-23.2,0.0,0.0,0.0
1455,21-12-26,0.0,-15.4,23.0,-25.3,0.0,0.0,0.0
1456,21-12-27,0.0,-12.2,14.0,-19.2,0.0,0.0,0.0
1457,21-12-28,0.0,-8.3,11.9,-13.8,0.0,0.0,0.0
1458,21-12-29,0.2,-3.7,8.3,-7.2,0.0,0.0,0.0
1459,21-12-30,0.0,-5.4,25.2,-12.9,0.0,0.0,0.0
1460,21-12-31,0.0,-8.6,19.1,-15.9,0.0,0.0,0.0
